REF_DATE_DT,RNFB_intp,CPI no adjusted,diesel_price,jet_price,LE Price,GF Price,ZW Price,DC Price,month_sin,month_cos,currency_rate,LE_lag_6M,LE_lag_8M,LE_lag_10M,LE_lag_12M,GF_lag_6M,GF_lag_8M,ZW_lag_6M,ZW_lag_8M,ZW_lag_10M,ZW_lag_12M,DC_lag_3M,DC_lag_4M,Diesel_Price_lag_1M,Diesel_Price_lag_2M,Jet_Price_lag_1M,Jet_Price_lag_2M,apparent_temperature,temperature_2m,WRSI,FDD,snowfall,WRSI_Anomaly,WRSI_state,apparent_temperature_lag_1m,apparent_temperature_lag_2m,apparent_temperature_lag_3m,temperature_2m_lag_1m,temperature_2m_lag_2m,temperature_2m_lag_3m,WRSI_lag_1m,WRSI_lag_2m,WRSI_lag_3m,FDD_lag_1m,FDD_lag_2m,FDD_lag_3m,snowfall_lag_1m,snowfall_lag_2m,snowfall_lag_3m,WRSI_Anomaly_lag_1m,WRSI_Anomaly_lag_2m,WRSI_Anomaly_lag_3m,WRSI_state_lag_1m,WRSI_state_lag_2m,WRSI_state_lag_3m,covid_flag,RNFB_w/out,CPI_lag_1m,CPI_change_rate,CPI_change_rate_lag_3m
201201,392.96,120.7,129.19285714285715,111.78,125.275,151.79,658.5,16.665,0.5,0.866,0.9976,112.63,114.9,121.55,108.95,137.05,134.985,672.5,677.0,763.25,840.75,18.04,17.44,131.22142857142856,131.05714285714285,110.22,115.84,-31.78548387096774,-25.54663978494624,1.101721485667275,1289.2220430107527,0.0078091397849462,124.85486839157706,2,-23.545026881720432,-16.504583333333333,-10.649327956989248,-17.681989247311826,-10.614583333333334,-5.086424731182796,0.9794255603465012,1.0289023195265885,0.9176362097264612,570.1325268817204,143.95402777777778,2981.1756720430108,0.0208870967741935,0.04375,0.0298252688172043,-11.07163978494624,-6.1043373842592645,-267.4157762096774,1.0,0.0,2.0,0,392.96,120.2,0.0,0.0
201202,392.96,121.2,128.05,112.54,127.65,157.23,664.25,16.07,0.866,0.5,1.0063,114.25,112.75,117.05,112.03,132.45,138.07,745.25,584.75,769.25,782.5,19.1,18.04,129.19285714285715,131.22142857142856,111.78,110.22,-30.51408045977012,-24.437356321839083,1.0884623936520703,2016.093103448276,0.0166954022988505,160.3175197557471,2,-31.78548387096774,-23.545026881720432,-16.504583333333333,-25.54663978494624,-17.681989247311826,-10.614583333333334,1.101721485667275,0.9794255603465012,1.0289023195265885,1289.2220430107527,570.1325268817204,143.95402777777778,0.0078091397849462,0.0208870967741935,0.04375,124.85486839157706,-11.07163978494624,-6.1043373842592645,2.0,1.0,0.0,0,392.96,120.7,0.0041425020712511085,0.0
201203,392.96,121.7,130.94285714285715,114.44,120.45,148.82,660.75,15.66,1.0,0.0,1.0023,122.15,112.63,114.9,121.55,140.52,137.05,609.25,672.5,677.0,763.25,17.26,19.1,128.05,129.19285714285715,112.54,111.78,-28.616397849462366,-22.106317204301074,1.0946096061441226,2749.6236559139784,0.0210752688172043,237.92085013440857,2,-30.51408045977012,-31.78548387096774,-23.545026881720432,-24.437356321839083,-25.54663978494624,-17.681989247311826,1.0884623936520703,1.101721485667275,0.9794255603465012,2016.093103448276,1289.2220430107527,570.1325268817204,0.0166954022988505,0.0078091397849462,0.0208870967741935,160.3175197557471,124.85486839157706,-11.07163978494624,2.0,2.0,1.0,0,392.96,121.2,0.004125412541254203,0.0
201204,393.6766666666667,122.2,130.87857142857143,112.3,118.775,152.81,652.25,15.47,0.866,-0.5,1.0195,119.8,114.25,112.75,117.05,140.05,132.45,628.25,745.25,584.75,769.25,16.665,17.26,130.94285714285715,128.05,114.44,112.54,-16.6825,-11.31736111111111,1.0882885846524366,3229.4620833333333,0.0310138888888888,262.10296875000006,2,-28.616397849462366,-30.51408045977012,-31.78548387096774,-22.106317204301074,-24.437356321839083,-25.54663978494624,1.0946096061441226,1.0884623936520703,1.101721485667275,2749.6236559139784,2016.093103448276,1289.2220430107527,0.0210752688172043,0.0166954022988505,0.0078091397849462,237.92085013440857,160.3175197557471,124.85486839157706,2.0,2.0,2.0,0,395.11,121.7,0.0041084634346755244,0.0
201205,394.3933333333333,122.1,128.5857142857143,107.76,117.1,156.8,643.75,15.28,0.5,-0.866,0.9708,121.6,122.15,112.63,114.9,146.02,140.52,595.75,609.25,672.5,677.0,16.07,16.665,130.87857142857143,130.94285714285715,112.3,114.44,-5.874731182795699,-0.9963709677419356,1.0768525228328287,3411.542741935484,0.0207930107526881,243.31223118279576,2,-16.6825,-28.616397849462366,-30.51408045977012,-11.31736111111111,-22.106317204301074,-24.437356321839083,1.0882885846524366,1.0946096061441226,1.0884623936520703,3229.4620833333333,2749.6236559139784,2016.093103448276,0.0310138888888888,0.0210752688172043,0.0166954022988505,262.10296875000006,237.92085013440857,160.3175197557471,2.0,2.0,2.0,0,395.11,122.2,-0.0008183306055646877,0.0041425020712511085
201206,395.11,121.6,121.24285714285716,100.14,116.55,151.45,739.0,16.87,0.0,-1.0,0.9832,122.9,119.8,114.25,112.75,146.35,140.05,652.75,628.25,745.25,584.75,15.66,16.07,128.5857142857143,130.87857142857143,107.76,112.3,3.188194444444444,7.264305555555556,1.0702068105012374,3432.116666666667,0.0144861111111111,225.1508333333336,2,-5.874731182795699,-16.6825,-28.616397849462366,-0.9963709677419356,-11.31736111111111,-22.106317204301074,1.0768525228328287,1.0882885846524366,1.0946096061441226,3411.542741935484,3229.4620833333333,2749.6236559139784,0.0207930107526881,0.0310138888888888,0.0210752688172043,243.31223118279576,262.10296875000006,237.92085013440857,2.0,2.0,2.0,0,395.11,122.1,-0.004095004095004073,0.004125412541254203
201207,393.7766666666667,121.5,120.24285714285716,102.08,117.31,148.02499999999998,804.5,17.880000000000003,-0.5,-0.866,0.9987,125.275,121.6,122.15,112.63,151.79,146.02,658.5,595.75,609.25,672.5,15.47,15.66,121.24285714285716,128.5857142857143,100.14,107.76,6.274596774193548,9.088844086021505,1.0701847169667764,3432.116666666667,0.0,225.08463541666697,2,3.188194444444444,-5.874731182795699,-16.6825,7.264305555555556,-0.9963709677419356,-11.31736111111111,1.0702068105012374,1.0768525228328287,1.0882885846524366,3432.116666666667,3411.542741935484,3229.4620833333333,0.0144861111111111,0.0207930107526881,0.0310138888888888,225.1508333333336,243.31223118279576,262.10296875000006,2.0,2.0,2.0,0,391.11,121.6,-0.0008223684210525439,0.0041084634346755244
201208,392.4433333333333,121.8,123.46428571428572,106.28,118.07,144.6,870.0,18.89,-0.866,-0.5,1.0075,127.65,122.9,119.8,114.25,157.23,146.35,664.25,652.75,628.25,745.25,15.28,15.47,120.24285714285716,121.24285714285716,102.08,100.14,4.819086021505377,8.229435483870969,1.0701847169667764,3432.116666666667,0.0,225.08463541666697,2,6.274596774193548,3.188194444444444,-5.874731182795699,9.088844086021505,7.264305555555556,-0.9963709677419356,1.0701847169667764,1.0702068105012374,1.0768525228328287,3432.116666666667,3432.116666666667,3411.542741935484,0.0,0.0144861111111111,0.0207930107526881,225.08463541666697,225.1508333333336,243.31223118279576,2.0,2.0,2.0,0,391.11,121.5,0.0024691358024691024,-0.0008183306055646877
201209,391.11,122.0,127.29285714285712,110.5,122.07,143.8,902.5,18.98,-1.0,-0.0,1.016,120.45,125.275,121.6,122.15,148.82,151.79,660.75,658.5,595.75,609.25,16.87,15.28,123.46428571428572,120.24285714285716,106.28,102.08,-1.13,3.5825,1.069827209845463,3432.116666666667,0.0103055555555555,224.01233506944456,2,4.819086021505377,6.274596774193548,3.188194444444444,8.229435483870969,9.088844086021505,7.264305555555556,1.0701847169667764,1.0701847169667764,1.0702068105012374,3432.116666666667,3432.116666666667,3432.116666666667,0.0,0.0,0.0144861111111111,225.08463541666697,225.08463541666697,225.1508333333336,2.0,2.0,2.0,0,391.11,121.8,0.0016420361247948545,-0.004095004095004073
201210,393.32,122.2,127.35714285714286,110.78,126.75,146.3,864.5,21.06,-0.866,0.5,1.0005,118.775,127.65,122.9,119.8,152.81,157.23,652.25,664.25,652.75,628.25,17.880000000000003,16.87,127.29285714285712,123.46428571428572,110.5,106.28,-9.006720430107526,-3.668548387096774,1.070717822589327,3478.378494623656,0.0397983870967742,229.7870463709678,2,-1.13,4.819086021505377,6.274596774193548,3.5825,8.229435483870969,9.088844086021505,1.069827209845463,1.0701847169667764,1.0701847169667764,3432.116666666667,3432.116666666667,3432.116666666667,0.0103055555555555,0.0,0.0,224.01233506944456,225.08463541666697,225.08463541666697,2.0,2.0,2.0,0,397.74,122.0,0.0016393442622950616,-0.0008223684210525439
201211,395.53,121.9,124.87142857142858,107.88,126.72,145.63,844.75,20.8,-0.5,0.866,1.007,117.1,120.45,125.275,121.6,156.8,148.82,643.75,660.75,658.5,595.75,18.89,17.880000000000003,127.35714285714286,127.29285714285712,110.78,110.5,-16.985277777777778,-10.771527777777775,0.925824478314914,145.05930555555554,0.0501666666666666,-4.999059606481487,0,-9.006720430107526,-1.13,4.819086021505377,-3.668548387096774,3.5825,8.229435483870969,1.070717822589327,1.069827209845463,1.0701847169667764,3478.378494623656,3432.116666666667,3432.116666666667,0.0397983870967742,0.0103055555555555,0.0,229.7870463709678,224.01233506944456,225.08463541666697,2.0,2.0,2.0,0,397.74,122.2,-0.002454991816693952,0.0024691358024691024
201212,397.74,121.2,125.92857142857144,111.0,129.9,151.4,778.0,18.6,-0.0,1.0,1.0056,116.55,118.775,127.65,122.9,151.45,152.81,739.0,652.25,664.25,652.75,18.98,18.89,124.87142857142858,127.35714285714286,107.88,110.78,-23.178091397849464,-17.515591397849462,1.048961492590331,608.1547043010753,0.0087499999999999,26.950537634408605,1,-16.985277777777778,-9.006720430107526,-1.13,-10.771527777777775,-3.668548387096774,3.5825,0.925824478314914,1.070717822589327,1.069827209845463,145.05930555555554,3478.378494623656,3432.116666666667,0.0501666666666666,0.0397983870967742,0.0103055555555555,-4.999059606481487,229.7870463709678,224.01233506944456,0.0,2.0,2.0,0,397.74,121.9,-0.005742411812961423,0.0016420361247948545
201301,399.01,121.3,129.44117647058823,113.22,127.63,146.3,779.5,17.2,0.5,0.866,0.9978,117.31,117.1,120.45,125.275,148.02499999999998,156.8,804.5,643.75,660.75,658.5,21.06,18.98,125.92857142857144,124.87142857142858,111.0,107.88,-30.638844086021507,-24.460483870967742,1.0918023592163666,1275.3845430107526,0.0096908602150537,111.01736839157704,2,-23.178091397849464,-16.985277777777778,-9.006720430107526,-17.515591397849462,-10.771527777777775,-3.668548387096774,1.048961492590331,0.925824478314914,1.070717822589327,608.1547043010753,145.05930555555554,3478.378494623656,0.0087499999999999,0.0501666666666666,0.0397983870967742,26.950537634408605,-4.999059606481487,229.7870463709678,1.0,0.0,2.0,0,401.55,121.2,0.0008250825082507518,0.0016393442622950616
201302,400.28,122.7,135.16470588235296,119.96,128.0,142.0,707.75,16.98,0.866,0.5,0.9771,118.07,116.55,118.775,127.65,144.6,151.45,870.0,739.0,652.25,664.25,20.8,21.06,129.44117647058823,125.92857142857144,113.22,111.0,-27.83764880952381,-22.02113095238096,1.059694563851868,1946.0175595238093,0.02375,106.05717075892858,2,-30.638844086021507,-23.178091397849464,-16.985277777777778,-24.460483870967742,-17.515591397849462,-10.771527777777775,1.0918023592163666,1.048961492590331,0.925824478314914,1275.3845430107526,608.1547043010753,145.05930555555554,0.0096908602150537,0.0087499999999999,0.0501666666666666,111.01736839157704,26.950537634408605,-4.999059606481487,2.0,1.0,0.0,0,401.55,121.3,0.01154163231657046,-0.002454991816693952
201303,401.55,122.9,134.2470588235294,115.2,128.9,135.27,687.75,16.97,1.0,0.0,0.9829,122.07,117.31,117.1,120.45,143.8,148.02499999999998,902.5,804.5,643.75,660.75,18.6,20.8,135.16470588235296,129.44117647058823,119.96,113.22,-20.111155913978493,-14.391801075268816,0.9937774981768543,2492.3088709677418,0.0351881720430107,-19.39393481182792,2,-27.83764880952381,-30.638844086021507,-23.178091397849464,-22.02113095238096,-24.460483870967742,-17.515591397849462,1.059694563851868,1.0918023592163666,1.048961492590331,1946.0175595238093,1275.3845430107526,608.1547043010753,0.02375,0.0096908602150537,0.0087499999999999,106.05717075892858,111.01736839157704,26.950537634408605,2.0,2.0,1.0,0,401.55,122.7,0.0016299918500408683,-0.005742411812961423
201304,398.89,122.7,130.46470588235294,108.34,128.4,139.55,721.75,17.6,0.866,-0.5,0.9884,126.75,118.07,116.55,118.775,146.3,144.6,864.5,870.0,739.0,652.25,17.2,18.6,134.2470588235294,135.16470588235296,115.2,119.96,-14.662083333333332,-9.218055555555557,0.9504868479863506,2820.5829166666667,0.0422916666666666,-146.77619791666666,2,-20.111155913978493,-27.83764880952381,-30.638844086021507,-14.391801075268816,-22.02113095238096,-24.460483870967742,0.9937774981768543,1.059694563851868,1.0918023592163666,2492.3088709677418,1946.0175595238093,1275.3845430107526,0.0351881720430107,0.02375,0.0096908602150537,-19.39393481182792,106.05717075892858,111.01736839157704,2.0,2.0,2.0,0,393.57,122.9,-0.0016273393002441683,0.0008250825082507518
201305,396.23,123.0,126.62352941176472,106.74,121.3,144.32,705.5,18.51,0.5,-0.866,0.9707,126.72,122.07,117.31,117.1,145.63,143.8,844.75,902.5,804.5,643.75,16.98,17.2,130.46470588235294,134.2470588235294,108.34,115.2,-11.354032258064516,-6.263440860215053,0.9744641179172548,3087.625806451613,0.0345295698924731,-80.60470430107523,2,-14.662083333333332,-20.111155913978493,-27.83764880952381,-9.218055555555557,-14.391801075268816,-22.02113095238096,0.9504868479863506,0.9937774981768543,1.059694563851868,2820.5829166666667,2492.3088709677418,1946.0175595238093,0.0422916666666666,0.0351881720430107,0.02375,-146.77619791666666,-19.39393481182792,106.05717075892858,2.0,2.0,2.0,0,393.57,122.7,0.0024449877750611915,0.01154163231657046
201306,393.57,123.0,127.05882352941175,107.5,118.15,149.45,648.5,18.04,0.0,-1.0,0.9504,129.9,126.75,118.07,116.55,151.4,146.3,778.0,864.5,870.0,739.0,16.97,16.98,126.62352941176472,130.46470588235294,106.74,108.34,-1.0520833333333337,3.2359722222222222,0.9863146405662888,3163.077361111112,0.0110833333333333,-43.88847222222213,2,-11.354032258064516,-14.662083333333332,-20.111155913978493,-6.263440860215053,-9.218055555555557,-14.391801075268816,0.9744641179172548,0.9504868479863506,0.9937774981768543,3087.625806451613,2820.5829166666667,2492.3088709677418,0.0345295698924731,0.0422916666666666,0.0351881720430107,-80.60470430107523,-146.77619791666666,-19.39393481182792,2.0,2.0,2.0,0,393.57,123.0,0.0,0.0016299918500408683
201307,392.73,123.1,127.82941176470588,110.18,121.45,153.43,664.25,17.38,-0.5,-0.866,0.9708,127.63,126.72,122.07,117.31,146.3,145.63,779.5,844.75,902.5,804.5,17.6,16.97,127.05882352941175,126.62352941176472,107.5,106.74,3.742204301075269,7.521774193548388,0.986319532362274,3163.1583333333333,0.0049865591397849,-43.87369791666652,2,-1.0520833333333337,-11.354032258064516,-14.662083333333332,3.2359722222222222,-6.263440860215053,-9.218055555555557,0.9863146405662888,0.9744641179172548,0.9504868479863506,3163.077361111112,3087.625806451613,2820.5829166666667,0.0110833333333333,0.0345295698924731,0.0422916666666666,-43.88847222222213,-80.60470430107523,-146.77619791666666,2.0,2.0,2.0,0,391.05,123.0,0.0008130081300812275,-0.0016273393002441683
201308,391.89,123.1,129.35294117647058,111.8,122.7,156.93,643.25,17.89,-0.866,-0.5,0.9486,128.0,129.9,126.75,118.07,142.0,151.4,707.75,778.0,864.5,870.0,18.51,17.6,127.82941176470588,127.05882352941175,110.18,107.5,3.67983870967742,7.77997311827957,0.986319532362274,3163.1583333333333,0.0026344086021505,-43.87369791666652,2,3.742204301075269,-1.0520833333333337,-11.354032258064516,7.521774193548388,3.2359722222222222,-6.263440860215053,0.986319532362274,0.9863146405662888,0.9744641179172548,3163.1583333333333,3163.077361111112,3087.625806451613,0.0049865591397849,0.0110833333333333,0.0345295698924731,-43.87369791666652,-43.88847222222213,-80.60470430107523,2.0,2.0,2.0,0,391.05,123.1,0.0,0.0024449877750611915
201309,391.05,123.3,132.18823529411765,113.84,128.6,161.125,655.375,18.34,-1.0,-0.0,0.9697,128.9,127.63,126.72,122.07,135.27,146.3,687.75,779.5,844.75,902.5,18.04,18.51,129.35294117647058,127.82941176470588,111.8,110.18,-3.4143055555555555,1.4629166666666669,0.987884753311814,3169.23875,0.0127361111111111,-38.865581597222175,2,3.67983870967742,3.742204301075269,-1.0520833333333337,7.77997311827957,7.521774193548388,3.2359722222222222,0.986319532362274,0.986319532362274,0.9863146405662888,3163.1583333333333,3163.1583333333333,3163.077361111112,0.0026344086021505,0.0049865591397849,0.0110833333333333,-43.87369791666652,-43.87369791666652,-43.88847222222213,2.0,2.0,2.0,0,391.05,123.1,0.0016246953696181787,0.0
201310,394.0966666666667,123.0,131.84117647058824,115.4,134.5,165.32,667.5,18.79,-0.866,0.5,0.9544,128.4,128.0,129.9,126.75,139.55,142.0,721.75,707.75,778.0,864.5,17.38,18.04,132.18823529411765,129.35294117647058,113.84,111.8,-7.912096774193548,-2.914112903225807,0.9881235551384482,3209.9739247311827,0.0533467741935483,-38.61752352150534,2,-3.4143055555555555,3.67983870967742,3.742204301075269,1.4629166666666669,7.77997311827957,7.521774193548388,0.987884753311814,0.986319532362274,0.986319532362274,3169.23875,3163.1583333333333,3163.1583333333333,0.0127361111111111,0.0026344086021505,0.0049865591397849,-38.865581597222175,-43.87369791666652,-43.87369791666652,2.0,2.0,2.0,0,400.19,123.3,-0.0024330900243308973,0.0008130081300812275
201311,397.1433333333333,123.0,133.04705882352943,115.26,133.48,165.48,655.0,18.8,-0.5,0.866,0.9419,121.3,128.9,127.63,126.72,144.32,135.27,705.5,687.75,779.5,844.75,17.89,17.38,131.84117647058824,132.18823529411765,115.4,113.84,-21.055416666666662,-14.758888888888889,1.243599887796356,191.61375,0.0266388888888888,41.55538483796296,0,-7.912096774193548,-3.4143055555555555,3.67983870967742,-2.914112903225807,1.4629166666666669,7.77997311827957,0.9881235551384482,0.987884753311814,0.986319532362274,3209.9739247311827,3169.23875,3163.1583333333333,0.0533467741935483,0.0127361111111111,0.0026344086021505,-38.61752352150534,-38.865581597222175,-43.87369791666652,2.0,2.0,2.0,0,400.19,123.0,0.0,0.0
201312,400.19,122.7,137.3764705882353,120.94,137.57999999999998,167.45499999999998,605.375,19.96,-0.0,1.0,0.9394,118.15,128.4,128.0,129.9,149.45,139.55,648.5,721.75,707.75,778.0,18.34,17.89,133.04705882352943,131.84117647058824,115.26,115.4,-28.733602150537635,-22.642204301075267,1.360295674641116,789.7522849462365,0.0119489247311827,208.5481182795699,1,-21.055416666666662,-7.912096774193548,-3.4143055555555555,-14.758888888888889,-2.914112903225807,1.4629166666666669,1.243599887796356,0.9881235551384482,0.987884753311814,191.61375,3209.9739247311827,3169.23875,0.0266388888888888,0.0533467741935483,0.0127361111111111,41.55538483796296,-38.61752352150534,-38.865581597222175,0.0,2.0,2.0,0,400.19,123.0,-0.0024390243902439046,0.0016246953696181787
201401,398.7733333333333,123.1,139.83529411764704,124.36,141.68,169.43,555.75,21.12,0.5,0.866,0.8964,121.45,121.3,128.9,127.63,153.43,144.32,664.25,705.5,687.75,779.5,18.79,18.34,137.3764705882353,133.04705882352943,120.94,115.26,-25.48736559139785,-19.38279569892473,1.2557515285950511,1456.0491935483872,0.0296370967741935,291.6820189292115,2,-28.733602150537635,-21.055416666666662,-7.912096774193548,-22.642204301075267,-14.758888888888889,-2.914112903225807,1.360295674641116,1.243599887796356,0.9881235551384482,789.7522849462365,191.61375,3209.9739247311827,0.0119489247311827,0.0266388888888888,0.0533467741935483,208.5481182795699,41.55538483796296,-38.61752352150534,1.0,0.0,2.0,0,395.94,122.7,0.0032599837000815146,-0.0024330900243308973
201402,397.3566666666667,124.1,145.96470588235294,129.3,151.95,171.7,599.0,23.18,0.866,0.5,0.899,122.7,118.15,128.4,128.0,156.93,149.45,643.25,648.5,721.75,707.75,18.8,18.79,139.83529411764704,137.3764705882353,124.36,120.94,-30.927232142857143,-25.086160714285715,1.147358682504169,2108.3574404761903,0.011875,268.3970517113096,2,-25.48736559139785,-28.733602150537635,-21.055416666666662,-19.38279569892473,-22.642204301075267,-14.758888888888889,1.2557515285950511,1.360295674641116,1.243599887796356,1456.0491935483872,789.7522849462365,191.61375,0.0296370967741935,0.0119489247311827,0.0266388888888888,291.6820189292115,208.5481182795699,41.55538483796296,2.0,1.0,0.0,0,395.94,123.1,0.008123476848090894,0.0
201403,395.94,124.8,145.36470588235292,125.72,145.85,177.02,697.25,23.27,1.0,0.0,0.905,128.6,121.45,121.3,128.9,161.125,153.43,655.375,664.25,705.5,687.75,19.96,18.8,145.96470588235294,139.83529411764704,129.3,124.36,-29.033870967741933,-23.04045698924732,1.13260077801767,2845.531720430108,0.0055510752688172,333.8289146505377,2,-30.927232142857143,-25.48736559139785,-28.733602150537635,-25.086160714285715,-19.38279569892473,-22.642204301075267,1.147358682504169,1.2557515285950511,1.360295674641116,2108.3574404761903,1456.0491935483872,789.7522849462365,0.011875,0.0296370967741935,0.0119489247311827,268.3970517113096,291.6820189292115,208.5481182795699,2.0,2.0,1.0,0,395.94,124.1,0.005640612409347323,-0.0024390243902439046
201404,398.16333333333336,125.2,141.06470588235294,121.56,145.82,181.2,713.0,24.31,0.866,-0.5,0.9131,134.5,122.7,118.15,128.4,165.32,156.93,667.5,643.25,648.5,721.75,21.12,19.96,145.36470588235292,145.96470588235294,125.72,129.3,-19.814166666666665,-14.2925,1.147133357441244,3404.5354166666666,0.0235277777777777,437.1763020833333,2,-29.033870967741933,-30.927232142857143,-25.48736559139785,-23.04045698924732,-25.086160714285715,-19.38279569892473,1.13260077801767,1.147358682504169,1.2557515285950511,2845.531720430108,2108.3574404761903,1456.0491935483872,0.0055510752688172,0.011875,0.0296370967741935,333.8289146505377,268.3970517113096,291.6820189292115,2.0,2.0,2.0,0,402.61,124.8,0.0032051282051281937,0.0032599837000815146
201405,400.38666666666666,125.8,139.36470588235292,117.88,137.8,197.05,627.25,22.63,0.5,-0.866,0.9216,133.48,128.6,121.45,121.3,165.48,161.125,655.0,655.375,664.25,705.5,23.18,21.12,141.06470588235294,145.36470588235292,121.56,125.72,-5.538709677419354,-0.8897849462365591,1.1452651709318749,3628.27567204301,0.0190994623655914,460.04516129032265,2,-19.814166666666665,-29.033870967741933,-30.927232142857143,-14.2925,-23.04045698924732,-25.086160714285715,1.147133357441244,1.13260077801767,1.147358682504169,3404.5354166666666,2845.531720430108,2108.3574404761903,0.0235277777777777,0.0055510752688172,0.011875,437.1763020833333,333.8289146505377,268.3970517113096,2.0,2.0,2.0,0,402.61,125.2,0.004792332268370503,0.008123476848090894
201406,402.61,125.9,137.1764705882353,115.44,147.865,208.865,578.75,22.035,0.0,-1.0,0.9376,137.57999999999998,134.5,122.7,118.15,167.45499999999998,165.32,605.375,667.5,643.25,648.5,23.27,23.18,139.36470588235292,141.06470588235294,117.88,121.56,0.2441666666666667,4.816805555555556,1.1345554065434773,3638.4804166666654,0.0079722222222222,431.5145833333336,2,-5.538709677419354,-19.814166666666665,-29.033870967741933,-0.8897849462365591,-14.2925,-23.04045698924732,1.1452651709318749,1.147133357441244,1.13260077801767,3628.27567204301,3404.5354166666666,2845.531720430108,0.0190994623655914,0.0235277777777777,0.0055510752688172,460.04516129032265,437.1763020833333,333.8289146505377,2.0,2.0,2.0,0,402.61,125.8,0.0007949125596184992,0.005640612409347323
201407,402.13,125.7,134.94117647058823,111.52,157.93,220.68,530.25,21.44,-0.5,-0.866,0.9168,141.68,133.48,128.6,121.45,169.43,165.48,555.75,655.0,655.375,664.25,24.31,23.27,137.1764705882353,139.36470588235292,115.44,117.88,7.606854838709677,10.4,1.1345341937797335,3638.4875,0.0,431.4554687500004,2,0.2441666666666667,-5.538709677419354,-19.814166666666665,4.816805555555556,-0.8897849462365591,-14.2925,1.1345554065434773,1.1452651709318749,1.147133357441244,3638.4804166666654,3628.27567204301,3404.5354166666666,0.0079722222222222,0.0190994623655914,0.0235277777777777,431.5145833333336,460.04516129032265,437.1763020833333,2.0,2.0,2.0,0,401.17,125.9,-0.001588562351072298,0.0032051282051281937
201408,401.65,125.7,133.35294117647058,111.38,155.9,218.65,550.25,22.24,-0.866,-0.5,0.9197,151.95,137.57999999999998,134.5,122.7,171.7,167.45499999999998,599.0,605.375,667.5,643.25,22.63,24.31,134.94117647058823,137.1764705882353,111.52,115.44,5.946102150537635,9.25241935483871,1.1345341937797335,3638.4875,0.0,431.4554687500004,2,7.606854838709677,0.2441666666666667,-5.538709677419354,10.4,4.816805555555556,-0.8897849462365591,1.1345341937797335,1.1345554065434773,1.1452651709318749,3638.4875,3638.4804166666654,3628.27567204301,0.0,0.0079722222222222,0.0190994623655914,431.4554687500004,431.5145833333336,460.04516129032265,2.0,2.0,2.0,0,401.17,125.7,0.0,0.004792332268370503
201409,401.17,125.8,132.80588235294115,109.44,160.45,235.43,477.75,24.58,-1.0,-0.0,0.8961,145.85,141.68,133.48,128.6,177.02,169.43,697.25,555.75,655.0,655.375,22.035,22.63,133.35294117647058,134.94117647058823,111.38,111.52,-3.549305555555556,1.2383333333333335,1.135037758010044,3641.3209722222223,0.0114722222222222,433.216640625,2,5.946102150537635,7.606854838709677,0.2441666666666667,9.25241935483871,10.4,4.816805555555556,1.1345341937797335,1.1345341937797335,1.1345554065434773,3638.4875,3638.4875,3638.4804166666654,0.0,0.0,0.0079722222222222,431.4554687500004,431.4554687500004,431.5145833333336,2.0,2.0,2.0,0,401.17,125.7,0.0007955449482894839,0.0007949125596184992
201410,402.0,125.9,130.5529411764706,105.88,169.5,234.15,532.5,23.79,-0.866,0.5,0.8933,145.82,151.95,137.57999999999998,134.5,181.2,171.7,713.0,599.0,605.375,667.5,21.44,22.035,132.80588235294115,133.35294117647058,109.44,111.38,-9.229301075268818,-3.9051075268817206,1.1434679326469837,3714.7155913978495,0.0469489247311828,466.1241431451614,2,-3.549305555555556,5.946102150537635,7.606854838709677,1.2383333333333335,9.25241935483871,10.4,1.135037758010044,1.1345341937797335,1.1345341937797335,3641.3209722222223,3638.4875,3638.4875,0.0114722222222222,0.0,0.0,433.216640625,431.4554687500004,431.4554687500004,2.0,2.0,2.0,0,403.66,125.8,0.0007949125596184992,-0.001588562351072298
201411,402.83,125.4,131.8235294117647,110.56,168.88,231.07,577.25,21.93,-0.5,0.866,0.873,137.8,145.85,141.68,133.48,197.05,177.02,627.25,697.25,555.75,655.0,22.24,21.44,130.5529411764706,132.80588235294115,105.88,109.44,-18.22833333333333,-13.00125,0.916131559024515,158.40805555555556,0.0118611111111111,8.349690393518513,0,-9.229301075268818,-3.549305555555556,5.946102150537635,-3.9051075268817206,1.2383333333333335,9.25241935483871,1.1434679326469837,1.135037758010044,1.1345341937797335,3714.7155913978495,3641.3209722222223,3638.4875,0.0469489247311828,0.0114722222222222,0.0,466.1241431451614,433.216640625,431.4554687500004,2.0,2.0,2.0,0,403.66,125.9,-0.003971405877680745,0.0
201412,403.66,124.5,125.62941176470588,99.76,165.7,219.45,589.75,17.82,-0.0,1.0,0.8617,147.865,145.82,151.95,137.57999999999998,208.865,181.2,578.75,713.0,599.0,605.375,24.58,22.24,131.8235294117647,130.5529411764706,110.56,105.88,-24.840591397849465,-18.56518817204301,1.1935154902424685,689.2509408602151,0.0375403225806451,108.04677419354842,1,-18.22833333333333,-9.229301075268818,-3.549305555555556,-13.00125,-3.9051075268817206,1.2383333333333335,0.916131559024515,1.1434679326469837,1.135037758010044,158.40805555555556,3714.7155913978495,3641.3209722222223,0.0118611111111111,0.0469489247311828,0.0114722222222222,8.349690393518513,466.1241431451614,433.216640625,0.0,2.0,2.0,0,403.66,125.4,-0.0071770334928230595,0.0007955449482894839
201501,404.4566666666667,124.3,113.31176470588235,87.46000000000001,154.85,205.2,502.75,16.14,0.5,0.866,0.7855,157.93,137.8,145.85,141.68,220.68,197.05,530.25,627.25,697.25,555.75,23.79,24.58,125.62941176470588,131.8235294117647,99.76,110.56,-34.50094086021505,-28.83225806451613,1.222830913799802,1431.065994623656,0.0080913978494623,266.6988200044803,2,-24.840591397849465,-18.22833333333333,-9.229301075268818,-18.56518817204301,-13.00125,-3.9051075268817206,1.1935154902424685,0.916131559024515,1.1434679326469837,689.2509408602151,158.40805555555556,3714.7155913978495,0.0375403225806451,0.0118611111111111,0.0469489247311828,108.04677419354842,8.349690393518513,466.1241431451614,1.0,0.0,2.0,0,406.05,124.5,-0.0016064257028112205,0.0007949125596184992
201502,405.2533333333333,125.4,115.44117647058825,95.8,156.4,209.31666666666663,490.8333333333333,16.166666666666668,0.866,0.5,0.7992,155.9,147.865,145.82,151.95,218.65,208.865,550.25,578.75,713.0,599.0,21.93,23.79,113.31176470588235,125.62941176470588,87.46000000000001,99.76,-35.89732142857143,-29.87425595238096,1.2452367274595464,2290.7120535714284,0.0128125,450.7516648065477,2,-34.50094086021505,-24.840591397849465,-18.22833333333333,-28.83225806451613,-18.56518817204301,-13.00125,1.222830913799802,1.1935154902424685,0.916131559024515,1431.065994623656,689.2509408602151,158.40805555555556,0.0080913978494623,0.0375403225806451,0.0118611111111111,266.6988200044803,108.04677419354842,8.349690393518513,2.0,1.0,0.0,0,406.05,124.3,0.008849557522123908,-0.003971405877680745
201503,406.05,126.3,120.38235294117646,94.4,157.95,213.4333333333333,478.9166666666667,16.19333333333333,1.0,0.0,0.7891,160.45,157.93,137.8,145.85,235.43,220.68,477.75,530.25,627.25,697.25,17.82,21.93,115.44117647058825,113.31176470588235,95.8,87.46000000000001,-28.96465053763441,-22.71989247311828,1.2284439035724428,3084.681989247312,0.0083736559139784,572.979183467742,2,-35.89732142857143,-34.50094086021505,-24.840591397849465,-29.87425595238096,-28.83225806451613,-18.56518817204301,1.2452367274595464,1.222830913799802,1.1935154902424685,2290.7120535714284,1431.065994623656,689.2509408602151,0.0128125,0.0080913978494623,0.0375403225806451,450.7516648065477,266.6988200044803,108.04677419354842,2.0,2.0,1.0,0,406.05,125.4,0.0071770334928229484,-0.0071770334928230595
201504,405.72,126.2,111.52941176470588,86.26,159.5,217.55,467.0,16.22,0.866,-0.5,0.8321,169.5,155.9,147.865,145.82,234.15,218.65,532.5,550.25,578.75,713.0,16.14,17.82,120.38235294117646,115.44117647058825,94.4,95.8,-17.779166666666665,-12.281805555555556,1.21875353729336,3616.397638888889,0.0212916666666666,649.0385243055556,2,-28.96465053763441,-35.89732142857143,-34.50094086021505,-22.71989247311828,-29.87425595238096,-28.83225806451613,1.2284439035724428,1.2452367274595464,1.222830913799802,3084.681989247312,2290.7120535714284,1431.065994623656,0.0083736559139784,0.0128125,0.0080913978494623,572.979183467742,450.7516648065477,266.6988200044803,2.0,2.0,2.0,0,405.06,126.3,-0.0007917656373712667,-0.0016064257028112205
201505,405.39,126.9,112.59411764705884,89.58,152.32,222.95,477.0,16.22,0.5,-0.866,0.8048,168.88,160.45,157.93,137.8,231.07,235.43,577.25,477.75,530.25,627.25,16.166666666666668,16.14,111.52941176470588,120.38235294117646,86.26,94.4,-9.319758064516128,-3.89005376344086,1.2098979841711028,3833.2557795698926,0.0514650537634408,665.0252688172043,2,-17.779166666666665,-28.96465053763441,-35.89732142857143,-12.281805555555556,-22.71989247311828,-29.87425595238096,1.21875353729336,1.2284439035724428,1.2452367274595464,3616.397638888889,3084.681989247312,2290.7120535714284,0.0212916666666666,0.0083736559139784,0.0128125,649.0385243055556,572.979183467742,450.7516648065477,2.0,2.0,2.0,0,405.06,126.2,0.005546751188589605,0.008849557522123908
201506,405.06,127.2,112.56470588235295,88.16,147.85,214.73,614.75,16.71,0.0,-1.0,0.8057,165.7,169.5,155.9,147.865,219.45,234.15,589.75,532.5,550.25,578.75,16.19333333333333,16.166666666666668,112.59411764705884,111.52941176470588,89.58,86.26,-2.343888888888889,1.7180555555555554,1.2136137744432287,3892.017916666666,0.0364583333333333,685.0520833333336,2,-9.319758064516128,-17.779166666666665,-28.96465053763441,-3.89005376344086,-12.281805555555556,-22.71989247311828,1.2098979841711028,1.21875353729336,1.2284439035724428,3833.2557795698926,3616.397638888889,3084.681989247312,0.0514650537634408,0.0212916666666666,0.0083736559139784,665.0252688172043,649.0385243055556,572.979183467742,2.0,2.0,2.0,0,405.06,126.9,0.0023640661938533203,0.0071770334928229484
201507,405.24,127.3,110.81176470588235,84.94,145.7,210.73,499.25,16.41,-0.5,-0.866,0.7689,154.85,168.88,160.45,157.93,205.2,231.07,502.75,577.25,477.75,530.25,16.22,16.19333333333333,112.56470588235295,112.59411764705884,88.16,89.58,2.222715053763441,6.575940860215053,1.2136208168199392,3892.120833333333,0.0,685.0888020833336,2,-2.343888888888889,-9.319758064516128,-17.779166666666665,1.7180555555555554,-3.89005376344086,-12.281805555555556,1.2136137744432287,1.2098979841711028,1.21875353729336,3892.017916666666,3833.2557795698926,3616.397638888889,0.0364583333333333,0.0514650537634408,0.0212916666666666,685.0520833333336,665.0252688172043,649.0385243055556,2.0,2.0,2.0,0,405.6,127.2,0.0007861635220125507,-0.0007917656373712667
201508,405.42,127.3,106.66470588235292,80.47999999999999,145.5,201.82,482.5,16.3,-0.866,-0.5,0.7554,156.4,165.7,169.5,155.9,209.31666666666663,219.45,490.8333333333333,589.75,532.5,550.25,16.22,16.22,110.81176470588235,112.56470588235295,84.94,88.16,2.206989247311828,6.44005376344086,1.2136208168199392,3892.120833333333,0.0,685.0888020833336,2,2.222715053763441,-2.343888888888889,-9.319758064516128,6.575940860215053,1.7180555555555554,-3.89005376344086,1.2136208168199392,1.2136137744432287,1.2098979841711028,3892.120833333333,3892.017916666666,3833.2557795698926,0.0,0.0364583333333333,0.0514650537634408,685.0888020833336,685.0520833333336,665.0252688172043,2.0,2.0,2.0,0,405.6,127.3,0.0,0.005546751188589605
201509,405.6,127.1,104.2470588235294,81.67999999999999,124.68,178.18,512.75,15.82,-1.0,-0.0,0.7452,157.95,154.85,168.88,160.45,213.4333333333333,205.2,478.9166666666667,502.75,577.25,477.75,16.71,16.22,106.66470588235292,110.81176470588235,80.47999999999999,84.94,-2.932361111111111,1.7886111111111112,1.213650346817663,3893.517361111111,0.0204166666666666,685.413029513889,2,2.206989247311828,2.222715053763441,-2.343888888888889,6.44005376344086,6.575940860215053,1.7180555555555554,1.2136208168199392,1.2136208168199392,1.2136137744432287,3892.120833333333,3892.120833333333,3892.017916666666,0.0,0.0,0.0364583333333333,685.0888020833336,685.0888020833336,685.0520833333336,2.0,2.0,2.0,0,405.6,127.3,-0.0015710919088767206,0.0023640661938533203
201510,407.22,127.2,106.7470588235294,84.17999999999999,139.25,190.9,522.0,15.43,-0.866,0.5,0.7648,159.5,156.4,165.7,169.5,217.55,209.31666666666663,467.0,490.8333333333333,589.75,532.5,16.41,16.71,104.2470588235294,106.66470588235292,81.67999999999999,80.47999999999999,-11.61491935483871,-6.221102150537635,1.2217992722155595,3969.3268817204303,0.022768817204301,720.7354334677419,2,-2.932361111111111,2.206989247311828,2.222715053763441,1.7886111111111112,6.44005376344086,6.575940860215053,1.213650346817663,1.2136208168199392,1.2136208168199392,3893.517361111111,3892.120833333333,3892.120833333333,0.0204166666666666,0.0,0.0,685.413029513889,685.0888020833336,685.0888020833336,2.0,2.0,2.0,0,410.46,127.1,0.0007867820613691734,0.0007861635220125507
201511,408.84,127.1,107.45882352941176,84.72,137.525,178.9,496.0,14.495,-0.5,0.866,0.7481,152.32,157.95,154.85,168.88,222.95,213.4333333333333,477.0,478.9166666666667,502.75,577.25,16.3,16.41,106.7470588235294,104.2470588235294,84.17999999999999,81.67999999999999,-19.07263888888889,-13.258888888888889,1.4001324060956646,189.44333333333333,0.0267361111111111,39.3849681712963,0,-11.61491935483871,-2.932361111111111,2.206989247311828,-6.221102150537635,1.7886111111111112,6.44005376344086,1.2217992722155595,1.213650346817663,1.2136208168199392,3969.3268817204303,3893.517361111111,3892.120833333333,0.022768817204301,0.0204166666666666,0.0,720.7354334677419,685.413029513889,685.0888020833336,2.0,2.0,2.0,0,410.46,127.2,-0.0007861635220126617,0.0
201512,410.46,126.5,102.67647058823528,77.17999999999999,135.8,166.9,470.0,13.56,-0.0,1.0,0.7209,147.85,159.5,156.4,165.7,214.73,217.55,614.75,467.0,490.8333333333333,589.75,15.82,16.3,107.45882352941176,106.7470588235294,84.72,84.17999999999999,-29.565994623655914,-23.05631720430108,1.3523859546223418,784.7348118279571,0.0297311827956989,203.53064516129035,1,-19.07263888888889,-11.61491935483871,-2.932361111111111,-13.258888888888889,-6.221102150537635,1.7886111111111112,1.4001324060956646,1.2217992722155595,1.213650346817663,189.44333333333333,3969.3268817204303,3893.517361111111,0.0267361111111111,0.022768817204301,0.0204166666666666,39.3849681712963,720.7354334677419,685.413029513889,0.0,2.0,2.0,0,410.46,127.1,-0.00472069236821393,-0.0015710919088767206
201601,411.8333333333333,126.8,94.7,69.26,135.3,157.25,479.25,13.73,0.5,0.866,0.7154,145.7,152.32,157.95,154.85,210.73,222.95,499.25,477.0,478.9166666666667,502.75,15.43,15.82,102.67647058823528,107.45882352941176,77.17999999999999,84.72,-28.3244623655914,-22.168548387096774,1.2572626176450803,1457.7158602150537,0.0151478494623655,293.3486855958782,2,-29.565994623655914,-19.07263888888889,-11.61491935483871,-23.05631720430108,-13.258888888888889,-6.221102150537635,1.3523859546223418,1.4001324060956646,1.2217992722155595,784.7348118279571,189.44333333333333,3969.3268817204303,0.0297311827956989,0.0267361111111111,0.022768817204301,203.53064516129035,39.3849681712963,720.7354334677419,1.0,0.0,2.0,0,414.58,126.5,0.002371541501976271,0.0007867820613691734
201602,413.20666666666665,127.1,90.57058823529412,69.48,139.5,158.15,445.0,13.8,0.866,0.5,0.7382,145.5,147.85,159.5,156.4,201.82,214.73,482.5,614.75,467.0,490.8333333333333,14.495,15.43,94.7,102.67647058823528,69.26,77.17999999999999,-28.38160919540229,-22.33462643678161,1.152045296876084,2131.084051724138,0.0307758620689655,275.3084680316092,2,-28.3244623655914,-29.565994623655914,-19.07263888888889,-22.168548387096774,-23.05631720430108,-13.258888888888889,1.2572626176450803,1.3523859546223418,1.4001324060956646,1457.7158602150537,784.7348118279571,189.44333333333333,0.0151478494623655,0.0297311827956989,0.0267361111111111,293.3486855958782,203.53064516129035,39.3849681712963,2.0,1.0,0.0,0,414.58,126.8,0.0023659305993690705,-0.0007861635220126617
201603,414.58,127.9,92.66470588235292,72.38,132.93,160.98,473.5,13.78,1.0,0.0,0.7706,124.68,145.7,152.32,157.95,178.18,210.73,512.75,499.25,477.0,478.9166666666667,13.56,14.495,90.57058823529412,94.7,69.48,69.26,-27.851075268817205,-21.30470430107527,1.1150731037378625,2800.381182795699,0.0226747311827957,288.678377016129,2,-28.38160919540229,-28.3244623655914,-29.565994623655914,-22.33462643678161,-22.168548387096774,-23.05631720430108,1.152045296876084,1.2572626176450803,1.3523859546223418,2131.084051724138,1457.7158602150537,784.7348118279571,0.0307758620689655,0.0151478494623655,0.0297311827956989,275.3084680316092,293.3486855958782,203.53064516129035,2.0,2.0,1.0,0,414.58,127.1,0.006294256490952055,-0.00472069236821393
201604,419.52,128.3,91.86470588235296,70.46000000000001,123.1,140.43,478.0,13.62,0.866,-0.5,0.7966,139.25,145.5,147.85,159.5,190.9,201.82,522.0,482.5,614.75,467.0,13.73,13.56,92.66470588235292,90.57058823529412,72.38,69.48,-16.500555555555554,-10.643472222222222,1.1156185624142565,3310.084027777777,0.060375,342.72491319444447,2,-27.851075268817205,-28.38160919540229,-28.3244623655914,-21.30470430107527,-22.33462643678161,-22.168548387096774,1.1150731037378625,1.152045296876084,1.2572626176450803,2800.381182795699,2131.084051724138,1457.7158602150537,0.0226747311827957,0.0307758620689655,0.0151478494623655,288.678377016129,275.3084680316092,293.3486855958782,2.0,2.0,2.0,0,429.4,127.9,0.0031274433150898506,0.002371541501976271
201605,424.46,128.8,95.3294117647059,76.44,121.55,142.365,454.625,14.435,0.5,-0.866,0.767,137.525,124.68,145.7,152.32,178.9,178.18,496.0,512.75,499.25,477.0,13.8,13.73,91.86470588235296,92.66470588235292,70.46000000000001,72.38,-6.318548387096774,-1.328225806451613,1.0931384679326346,3463.1576612903223,0.0329301075268817,294.9271505376344,2,-16.500555555555554,-27.851075268817205,-28.38160919540229,-10.643472222222222,-21.30470430107527,-22.33462643678161,1.1156185624142565,1.1150731037378625,1.152045296876084,3310.084027777777,2800.381182795699,2131.084051724138,0.060375,0.0226747311827957,0.0307758620689655,342.72491319444447,288.678377016129,275.3084680316092,2.0,2.0,2.0,0,429.4,128.3,0.0038971161340608518,0.0023659305993690705
201606,429.4,129.1,101.37058823529412,80.74,120.0,144.3,431.25,15.25,0.0,-1.0,0.7731,135.8,139.25,145.5,147.85,166.9,190.9,470.0,522.0,482.5,614.75,13.78,13.8,95.3294117647059,91.86470588235296,76.44,70.46000000000001,1.3809722222222225,5.207916666666667,1.08807221685227,3489.4104166666666,0.0060277777777777,282.44458333333324,2,-6.318548387096774,-16.500555555555554,-27.851075268817205,-1.328225806451613,-10.643472222222222,-21.30470430107527,1.0931384679326346,1.1156185624142565,1.1150731037378625,3463.1576612903223,3310.084027777777,2800.381182795699,0.0329301075268817,0.060375,0.0226747311827957,294.9271505376344,342.72491319444447,288.678377016129,2.0,2.0,2.0,0,429.4,128.8,0.0023291925465838137,0.006294256490952055
201607,426.76666666666665,128.9,100.95882352941176,77.36,113.07,140.05,407.75,15.26,-0.5,-0.866,0.7656,135.3,137.525,124.68,145.7,157.25,178.9,479.25,496.0,512.75,499.25,13.62,13.78,101.37058823529412,95.3294117647059,80.74,76.44,4.8247311827956985,8.109811827956989,1.0880530033163611,3489.420833333333,0.0,282.3888020833333,2,1.3809722222222225,-6.318548387096774,-16.500555555555554,5.207916666666667,-1.328225806451613,-10.643472222222222,1.08807221685227,1.0931384679326346,1.1156185624142565,3489.4104166666666,3463.1576612903223,3310.084027777777,0.0060277777777777,0.0329301075268817,0.060375,282.44458333333324,294.9271505376344,342.72491319444447,2.0,2.0,2.0,0,421.5,129.1,-0.0015491866769944407,0.0031274433150898506
201608,424.1333333333333,128.7,98.2,76.36,111.95,140.52,361.0,16.91,-0.866,-0.5,0.7641,139.5,135.8,139.25,145.5,158.15,166.9,445.0,470.0,522.0,482.5,14.435,13.62,100.95882352941176,101.37058823529412,77.36,80.74,5.466129032258064,8.995161290322581,1.0880530033163611,3489.420833333333,0.0,282.3888020833333,2,4.8247311827956985,1.3809722222222225,-6.318548387096774,8.109811827956989,5.207916666666667,-1.328225806451613,1.0880530033163611,1.08807221685227,1.0931384679326346,3489.420833333333,3489.4104166666666,3463.1576612903223,0.0,0.0060277777777777,0.0329301075268817,282.3888020833333,282.44458333333324,294.9271505376344,2.0,2.0,2.0,0,421.5,128.9,-0.0015515903801397446,0.0038971161340608518
201609,421.5,128.8,100.28235294117648,77.03999999999999,98.9,123.15,402.0,16.39,-1.0,-0.0,0.7603,132.93,135.3,137.525,124.68,160.98,157.25,473.5,479.25,496.0,512.75,15.25,14.435,98.2,100.95882352941176,76.36,77.36,-2.026805555555556,2.655138888888889,1.088314730075045,3491.427222222222,0.0032083333333333,283.322890625,2,5.466129032258064,4.8247311827956985,1.3809722222222225,8.995161290322581,8.109811827956989,5.207916666666667,1.0880530033163611,1.0880530033163611,1.08807221685227,3489.420833333333,3489.420833333333,3489.4104166666666,0.0,0.0,0.0060277777777777,282.3888020833333,282.3888020833333,282.44458333333324,2.0,2.0,2.0,0,421.5,128.7,0.0007770007770009357,0.0023291925465838137
201610,418.7166666666666,129.1,105.2470588235294,83.6,103.1,121.85,416.25,14.78,-0.866,0.5,0.7462,123.1,139.5,135.8,139.25,140.43,158.15,478.0,445.0,470.0,522.0,15.26,15.25,100.28235294117648,98.2,77.03999999999999,76.36,-10.951612903225806,-5.504166666666666,1.0962564635345955,3561.524059139785,0.0281317204301075,312.9326108870968,2,-2.026805555555556,5.466129032258064,4.8247311827956985,2.655138888888889,8.995161290322581,8.109811827956989,1.088314730075045,1.0880530033163611,1.0880530033163611,3491.427222222222,3489.420833333333,3489.420833333333,0.0032083333333333,0.0,0.0,283.322890625,282.3888020833333,282.3888020833333,2.0,2.0,2.0,0,413.15,128.8,0.0023291925465838137,-0.0015491866769944407
201611,415.9333333333333,128.6,105.6,83.32000000000001,110.75,128.43,380.5,16.76,-0.5,0.866,0.7445,121.55,132.93,135.3,137.525,142.365,160.98,454.625,473.5,479.25,496.0,16.91,15.26,105.2470588235294,100.28235294117648,83.6,77.03999999999999,-17.83402777777778,-12.247916666666669,1.0395524458993326,170.11944444444444,0.0324722222222222,20.06107928240741,0,-10.951612903225806,-2.026805555555556,5.466129032258064,-5.504166666666666,2.655138888888889,8.995161290322581,1.0962564635345955,1.088314730075045,1.0880530033163611,3561.524059139785,3491.427222222222,3489.420833333333,0.0281317204301075,0.0032083333333333,0.0,312.9326108870968,283.322890625,282.3888020833333,2.0,2.0,2.0,0,413.15,129.1,-0.0038729666924864903,-0.0015515903801397446
201612,413.15,128.4,107.63529411764704,87.3,119.0,130.45,408.0,17.39,-0.0,1.0,0.744,120.0,123.1,139.5,135.8,144.3,140.43,431.25,478.0,445.0,470.0,16.39,16.91,105.6,105.2470588235294,83.32000000000001,83.6,-28.7744623655914,-22.75752688172043,1.2283747566611258,722.5479838709678,0.0153360215053763,141.34381720430108,1,-17.83402777777778,-10.951612903225806,-2.026805555555556,-12.247916666666669,-5.504166666666666,2.655138888888889,1.0395524458993326,1.0962564635345955,1.088314730075045,170.11944444444444,3561.524059139785,3491.427222222222,0.0324722222222222,0.0281317204301075,0.0032083333333333,20.06107928240741,312.9326108870968,283.322890625,0.0,2.0,2.0,0,413.15,128.6,-0.0015552099533435726,0.0007770007770009357
201701,413.1633333333333,129.5,111.41764705882352,88.47999999999999,122.8,127.76,416.375,17.130000000000003,0.5,0.866,0.7632,113.07,121.55,132.93,135.3,140.05,142.365,407.75,454.625,473.5,479.25,14.78,16.39,107.63529411764704,105.6,87.3,83.32000000000001,-26.78844086021505,-20.3369623655914,1.2169208612592726,1414.4513440860217,0.0206048387096774,250.0841694668459,2,-28.7744623655914,-17.83402777777778,-10.951612903225806,-22.75752688172043,-12.247916666666669,-5.504166666666666,1.2283747566611258,1.0395524458993326,1.0962564635345955,722.5479838709678,170.11944444444444,3561.524059139785,0.0153360215053763,0.0324722222222222,0.0281317204301075,141.34381720430108,20.06107928240741,312.9326108870968,1.0,0.0,2.0,0,413.19,128.4,0.008566978193146335,0.0023291925465838137
201702,413.1766666666667,129.7,110.39411764705882,88.5,126.6,125.07,424.75,16.87,0.866,0.5,0.7583,111.95,120.0,123.1,139.5,140.52,144.3,361.0,431.25,478.0,445.0,16.76,14.78,111.41764705882352,107.63529411764704,88.47999999999999,87.3,-33.05997023809524,-26.529910714285712,1.1418729602969155,2099.301339285714,0.01375,259.34095052083336,2,-26.78844086021505,-28.7744623655914,-17.83402777777778,-20.3369623655914,-22.75752688172043,-12.247916666666669,1.2169208612592726,1.2283747566611258,1.0395524458993326,1414.4513440860217,722.5479838709678,170.11944444444444,0.0206048387096774,0.0153360215053763,0.0324722222222222,250.0841694668459,141.34381720430108,20.06107928240741,2.0,1.0,0.0,0,413.19,129.5,0.001544401544401497,-0.0038729666924864903
201703,413.19,129.9,109.31764705882354,86.64,119.95,133.95,426.5,15.83,1.0,0.0,0.75,98.9,113.07,121.55,132.93,123.15,140.05,402.0,407.75,454.625,473.5,17.39,16.76,110.39411764705882,111.41764705882352,88.5,88.47999999999999,-28.29435483870968,-21.68978494623656,1.1209064458811506,2814.567338709677,0.0327419354838709,302.86453293010754,2,-33.05997023809524,-26.78844086021505,-28.7744623655914,-26.529910714285712,-20.3369623655914,-22.75752688172043,1.1418729602969155,1.2169208612592726,1.2283747566611258,2099.301339285714,1414.4513440860217,722.5479838709678,0.01375,0.0206048387096774,0.0153360215053763,259.34095052083336,250.0841694668459,141.34381720430108,2.0,2.0,1.0,0,413.19,129.7,0.0015420200462608058,-0.0015552099533435726
201704,409.9033333333333,130.4,109.47647058823529,87.38,138.0,149.55,418.5,15.17,0.866,-0.5,0.7328,103.1,111.95,120.0,123.1,121.85,140.52,416.25,361.0,431.25,478.0,17.130000000000003,17.39,109.31764705882354,110.39411764705882,86.64,88.5,-19.22416666666667,-13.145555555555555,1.1260961065358754,3341.6,0.0243055555555555,374.24088541666674,2,-28.29435483870968,-33.05997023809524,-26.78844086021505,-21.68978494623656,-26.529910714285712,-20.3369623655914,1.1209064458811506,1.1418729602969155,1.2169208612592726,2814.567338709677,2099.301339285714,1414.4513440860217,0.0327419354838709,0.01375,0.0206048387096774,302.86453293010754,259.34095052083336,250.0841694668459,2.0,2.0,2.0,0,403.33,129.9,0.0038491147036181506,0.008566978193146335
201705,406.6166666666667,130.5,106.92941176470588,82.82000000000001,124.43,152.57,429.25,15.61,0.5,-0.866,0.7424,110.75,98.9,113.07,121.55,128.43,123.15,380.5,402.0,407.75,454.625,16.87,17.130000000000003,109.47647058823529,109.31764705882354,87.38,86.64,-6.7837365591397845,-2.22728494623656,1.1281213607074487,3573.984946236559,0.0236155913978494,405.7544354838711,2,-19.22416666666667,-28.29435483870968,-33.05997023809524,-13.145555555555555,-21.68978494623656,-26.529910714285712,1.1260961065358754,1.1209064458811506,1.1418729602969155,3341.6,2814.567338709677,2099.301339285714,0.0243055555555555,0.0327419354838709,0.01375,374.24088541666674,302.86453293010754,259.34095052083336,2.0,2.0,2.0,0,403.33,130.4,0.0007668711656441118,0.001544401544401497
201706,403.33,130.4,104.91176470588236,77.94,119.1,147.93,511.0,15.72,0.0,-1.0,0.7697,119.0,103.1,111.95,120.0,130.45,121.85,408.0,416.25,361.0,431.25,15.83,16.87,106.92941176470588,109.47647058823529,82.82000000000001,87.38,0.885,4.916944444444444,1.1200618267600977,3592.0,0.007,385.0341666666668,2,-6.7837365591397845,-19.22416666666667,-28.29435483870968,-2.22728494623656,-13.145555555555555,-21.68978494623656,1.1281213607074487,1.1260961065358754,1.1209064458811506,3573.984946236559,3341.6,2814.567338709677,0.0236155913978494,0.0243055555555555,0.0327419354838709,405.7544354838711,374.24088541666674,302.86453293010754,2.0,2.0,2.0,0,403.33,130.5,-0.0007662835249041544,0.0015420200462608058
201707,403.68,130.4,102.25882352941176,78.84,112.0,146.18,474.5,15.47,-0.5,-0.866,0.8025,122.8,110.75,98.9,113.07,127.76,128.43,416.375,380.5,402.0,407.75,15.17,15.83,104.91176470588236,106.92941176470588,77.94,82.82000000000001,3.7853494623655912,7.375806451612903,1.12003870401006,3592.0,0.0003763440860215,384.9679687500002,2,0.885,-6.7837365591397845,-19.22416666666667,4.916944444444444,-2.22728494623656,-13.145555555555555,1.1200618267600977,1.1281213607074487,1.1260961065358754,3592.0,3573.984946236559,3341.6,0.007,0.0236155913978494,0.0243055555555555,385.0341666666668,405.7544354838711,374.24088541666674,2.0,2.0,2.0,0,404.38,130.4,0.0,0.0038491147036181506
201708,404.03,130.5,105.11176470588236,82.1,104.53,142.73,410.25,16.2,-0.866,-0.5,0.7919,126.6,119.0,103.1,111.95,125.07,130.45,424.75,408.0,416.25,361.0,15.61,15.17,102.25882352941176,104.91176470588236,78.84,77.94,4.865188172043011,7.523924731182796,1.12003870401006,3592.0,0.0,384.9679687500002,2,3.7853494623655912,0.885,-6.7837365591397845,7.375806451612903,4.916944444444444,-2.22728494623656,1.12003870401006,1.1200618267600977,1.1281213607074487,3592.0,3592.0,3573.984946236559,0.0003763440860215,0.007,0.0236155913978494,384.9679687500002,385.0341666666668,405.7544354838711,2.0,2.0,2.0,0,404.38,130.4,0.0007668711656441118,0.0007668711656441118
201709,404.38,130.8,108.51176470588236,86.16,109.1,152.23,448.25,16.38,-1.0,-0.0,0.8061,119.95,122.8,110.75,98.9,133.95,127.76,426.5,416.375,380.5,402.0,15.72,15.61,105.11176470588236,102.25882352941176,82.1,78.84,-2.269861111111111,2.3722222222222222,1.1198014292232346,3592.4395833333333,0.0094305555555555,384.3352517361112,2,4.865188172043011,3.7853494623655912,0.885,7.523924731182796,7.375806451612903,4.916944444444444,1.12003870401006,1.12003870401006,1.1200618267600977,3592.0,3592.0,3592.0,0.0,0.0003763440860215,0.007,384.9679687500002,384.9679687500002,385.0341666666668,2.0,2.0,2.0,0,404.38,130.5,0.0022988505747127963,-0.0007662835249041544
201710,408.13,130.9,112.19411764705882,90.92,114.5,153.20499999999998,428.75,15.875,-0.866,0.5,0.7798,138.0,126.6,119.0,103.1,149.55,125.07,418.5,424.75,408.0,416.25,15.47,15.72,108.51176470588236,105.11176470588236,86.16,82.1,-9.07016129032258,-3.288306451612903,1.119285016758861,3636.1076612903225,0.0436559139784946,387.5162130376344,2,-2.269861111111111,4.865188172043011,3.7853494623655912,2.3722222222222222,7.523924731182796,7.375806451612903,1.1198014292232346,1.12003870401006,1.12003870401006,3592.4395833333333,3592.0,3592.0,0.0094305555555555,0.0,0.0003763440860215,384.3352517361112,384.9679687500002,384.9679687500002,2.0,2.0,2.0,0,415.63,130.8,0.000764525993883769,0.0
201711,411.88,131.3,120.1470588235294,98.36,119.9,154.18,409.25,15.37,-0.5,0.866,0.7775,124.43,119.95,122.8,110.75,152.57,133.95,429.25,426.5,416.375,380.5,16.2,15.47,112.19411764705882,108.51176470588236,90.92,86.16,-16.658472222222223,-10.064444444444444,1.196851027736676,174.06,0.0582361111111111,24.00163483796296,0,-9.07016129032258,-2.269861111111111,4.865188172043011,-3.288306451612903,2.3722222222222222,7.523924731182796,1.119285016758861,1.1198014292232346,1.12003870401006,3636.1076612903225,3592.4395833333333,3592.0,0.0436559139784946,0.0094305555555555,0.0,387.5162130376344,384.3352517361112,384.9679687500002,2.0,2.0,2.0,0,415.63,130.9,0.0030557677616500634,0.0007668711656441118
201712,415.63,130.8,121.67647058823528,99.12,123.0,146.0,427.0,15.4,-0.0,1.0,0.7955,119.1,138.0,126.6,119.0,147.93,149.55,511.0,418.5,424.75,408.0,16.38,16.2,120.1470588235294,112.19411764705882,98.36,90.92,-22.40120967741936,-16.266263440860214,0.8819781983471036,515.2237903225806,0.0185349462365591,-65.98037634408601,1,-16.658472222222223,-9.07016129032258,-2.269861111111111,-10.064444444444444,-3.288306451612903,2.3722222222222222,1.196851027736676,1.119285016758861,1.1198014292232346,174.06,3636.1076612903225,3592.4395833333333,0.0582361111111111,0.0436559139784946,0.0094305555555555,24.00163483796296,387.5162130376344,384.3352517361112,0.0,2.0,2.0,0,415.63,131.3,-0.0038080731150038627,0.0022988505747127963
201801,417.79333333333335,131.7,125.11764705882354,103.66,123.85,145.05,451.75,13.4,0.5,0.866,0.8106,112.0,124.43,119.95,122.8,146.18,152.57,474.5,429.25,426.5,416.375,15.875,16.38,121.67647058823528,120.1470588235294,99.12,98.36,-33.95147849462366,-27.56505376344086,1.0627023538598703,1246.6198924731184,0.0109139784946236,82.25271785394263,2,-22.40120967741936,-16.658472222222223,-9.07016129032258,-16.266263440860214,-10.064444444444444,-3.288306451612903,0.8819781983471036,1.196851027736676,1.119285016758861,515.2237903225806,174.06,3636.1076612903225,0.0185349462365591,0.0582361111111111,0.0436559139784946,-65.98037634408601,24.00163483796296,387.5162130376344,1.0,0.0,2.0,0,422.12,130.8,0.006880733944953921,0.000764525993883769
201802,419.95666666666665,132.5,125.12941176470588,101.0,127.5,144.75,484.5,14.02,0.866,0.5,0.783,104.53,119.1,138.0,126.6,142.73,147.93,410.25,511.0,418.5,424.75,15.37,15.875,125.11764705882354,121.67647058823528,103.66,99.12,-34.42455357142857,-27.68467261904762,1.146064312581469,2109.004017857143,0.021875,269.0436290922619,2,-33.95147849462366,-22.40120967741936,-16.658472222222223,-27.56505376344086,-16.266263440860214,-10.064444444444444,1.0627023538598703,0.8819781983471036,1.196851027736676,1246.6198924731184,515.2237903225806,174.06,0.0109139784946236,0.0185349462365591,0.0582361111111111,82.25271785394263,-65.98037634408601,24.00163483796296,2.0,1.0,0.0,0,422.12,131.7,0.006074411541381997,0.0030557677616500634
201803,422.12,132.9,124.7,101.08,113.75,135.6,451.0,14.23,1.0,0.0,0.7747,109.1,112.0,124.43,119.95,152.23,146.18,448.25,474.5,429.25,426.5,15.4,15.37,125.12941176470588,125.11764705882354,101.0,103.66,-20.69650537634409,-14.764650537634408,1.06523025314169,2672.2245967741933,0.0314247311827957,160.52179099462367,2,-34.42455357142857,-33.95147849462366,-22.40120967741936,-27.68467261904762,-27.56505376344086,-16.266263440860214,1.146064312581469,1.0627023538598703,0.8819781983471036,2109.004017857143,1246.6198924731184,515.2237903225806,0.021875,0.0109139784946236,0.0185349462365591,269.0436290922619,82.25271785394263,-65.98037634408601,2.0,2.0,1.0,0,422.12,132.5,0.0030188679245284344,-0.0038080731150038627
201804,422.7166666666667,133.3,125.80588235294115,104.14,109.4,141.5,488.625,14.9,0.866,-0.5,0.7788,114.5,104.53,119.1,138.0,153.20499999999998,142.73,428.75,410.25,511.0,418.5,13.4,15.4,124.7,125.12941176470588,101.08,101.0,-18.484166666666667,-12.069444444444445,1.0387736142469497,3082.8352777777777,0.016625,115.47616319444448,2,-20.69650537634409,-34.42455357142857,-33.95147849462366,-14.764650537634408,-27.68467261904762,-27.56505376344086,1.06523025314169,1.146064312581469,1.0627023538598703,2672.2245967741933,2109.004017857143,1246.6198924731184,0.0314247311827957,0.021875,0.0109139784946236,160.52179099462367,269.0436290922619,82.25271785394263,2.0,2.0,2.0,0,423.91,132.9,0.0030097817908201208,0.006880733944953921
201805,423.3133333333333,133.4,130.6235294117647,109.84,105.05,147.4,526.25,15.57,0.5,-0.866,0.7756,119.9,109.1,112.0,124.43,154.18,152.23,409.25,448.25,474.5,429.25,14.02,13.4,125.80588235294115,124.7,104.14,101.08,-12.53991935483871,-6.658467741935484,1.072037947021046,3396.724059139785,0.0242741935483871,228.49354838709675,2,-18.484166666666667,-20.69650537634409,-34.42455357142857,-12.069444444444445,-14.764650537634408,-27.68467261904762,1.0387736142469497,1.06523025314169,1.146064312581469,3082.8352777777777,2672.2245967741933,2109.004017857143,0.016625,0.0314247311827957,0.021875,115.47616319444448,160.52179099462367,269.0436290922619,2.0,2.0,2.0,0,423.91,133.3,0.0007501875468867159,0.006074411541381997
201806,423.91,133.6,132.01764705882354,108.08,107.0,151.32,497.5,15.27,0.0,-1.0,0.7544,123.0,114.5,104.53,119.1,146.0,153.20499999999998,427.0,428.75,410.25,511.0,14.23,14.02,130.6235294117647,125.80588235294115,109.84,104.14,-2.8169444444444447,1.4995833333333333,1.0824170532194153,3471.2745833333333,0.0191527777777777,264.3087500000001,2,-12.53991935483871,-18.484166666666667,-20.69650537634409,-6.658467741935484,-12.069444444444445,-14.764650537634408,1.072037947021046,1.0387736142469497,1.06523025314169,3396.724059139785,3082.8352777777777,2672.2245967741933,0.0242741935483871,0.016625,0.0314247311827957,228.49354838709675,115.47616319444448,160.52179099462367,2.0,2.0,2.0,0,423.91,133.4,0.0014992503748125774,0.0030188679245284344
201807,423.3733333333333,134.3,130.38823529411764,106.9,106.9,150.385,508.0,15.895,-0.5,-0.866,0.7676,123.85,119.9,109.1,112.0,145.05,154.18,451.75,409.25,448.25,474.5,14.9,14.23,132.01764705882354,130.6235294117647,108.08,109.84,5.1049731182795695,8.316666666666666,1.0826417175862646,3472.0666666666666,0.0,265.0346354166668,2,-2.8169444444444447,-12.53991935483871,-18.484166666666667,1.4995833333333333,-6.658467741935484,-12.069444444444445,1.0824170532194153,1.072037947021046,1.0387736142469497,3471.2745833333333,3396.724059139785,3082.8352777777777,0.0191527777777777,0.0242741935483871,0.016625,264.3087500000001,228.49354838709675,115.47616319444448,2.0,2.0,2.0,0,422.3,133.6,0.0052395209580839985,0.0030097817908201208
201808,422.8366666666667,134.2,129.43529411764706,105.22,106.8,149.45,518.5,16.52,-0.866,-0.5,0.7701,127.5,123.0,114.5,104.53,144.75,146.0,484.5,427.0,428.75,410.25,15.57,14.9,130.38823529411764,132.01764705882354,106.9,108.08,2.7298387096774195,6.599865591397849,1.0826417175862646,3472.0666666666666,0.0004704301075268,265.0346354166668,2,5.1049731182795695,-2.8169444444444447,-12.53991935483871,8.316666666666666,1.4995833333333333,-6.658467741935484,1.0826417175862646,1.0824170532194153,1.072037947021046,3472.0666666666666,3471.2745833333333,3396.724059139785,0.0,0.0191527777777777,0.0242741935483871,265.0346354166668,264.3087500000001,228.49354838709675,2.0,2.0,2.0,0,422.3,134.3,-0.0007446016381237319,0.0007501875468867159
201809,422.3,133.7,130.9764705882353,108.38,113.45,158.18,509.0,16.11,-1.0,-0.0,0.7743,113.75,123.85,119.9,109.1,135.6,145.05,451.0,451.75,409.25,448.25,15.27,15.57,129.43529411764706,130.38823529411764,105.22,106.9,-2.9140277777777777,1.7766666666666668,1.082684068476712,3473.363611111111,0.0403472222222222,265.2592795138889,2,2.7298387096774195,5.1049731182795695,-2.8169444444444447,6.599865591397849,8.316666666666666,1.4995833333333333,1.0826417175862646,1.0826417175862646,1.0824170532194153,3472.0666666666666,3472.0666666666666,3471.2745833333333,0.0004704301075268,0.0,0.0191527777777777,265.0346354166668,265.0346354166668,264.3087500000001,2.0,2.0,2.0,0,422.3,134.2,-0.0037257824143069884,0.0014992503748125774
201810,424.24,134.1,134.65882352941176,112.7,115.85,153.48,500.5,14.79,-0.866,0.5,0.7625,109.4,127.5,123.0,114.5,141.5,144.75,488.625,484.5,427.0,428.75,15.895,15.27,130.9764705882353,129.43529411764706,108.38,105.22,-13.601478494623658,-7.689650537634408,1.099435860212338,3572.0305107526883,0.0284139784946236,323.43906250000003,2,-2.9140277777777777,2.7298387096774195,5.1049731182795695,1.7766666666666668,6.599865591397849,8.316666666666666,1.082684068476712,1.0826417175862646,1.0826417175862646,3473.363611111111,3472.0666666666666,3472.0666666666666,0.0403472222222222,0.0004704301075268,0.0,265.2592795138889,265.0346354166668,265.0346354166668,2.0,2.0,2.0,0,428.12,133.7,0.0029917726252806087,0.0052395209580839985
201811,426.18,133.5,132.88823529411764,107.56,116.93,145.23,515.75,14.46,-0.5,0.866,0.7533,105.05,113.75,123.85,119.9,147.4,135.6,526.25,451.0,451.75,409.25,16.52,15.895,134.65882352941176,130.9764705882353,112.7,108.38,-18.83486111111112,-13.16375,1.4792421218455956,211.68472222222223,0.0125416666666666,61.62635706018519,0,-13.601478494623658,-2.9140277777777777,2.7298387096774195,-7.689650537634408,1.7766666666666668,6.599865591397849,1.099435860212338,1.082684068476712,1.0826417175862646,3572.0305107526883,3473.363611111111,3472.0666666666666,0.0284139784946236,0.0403472222222222,0.0004704301075268,323.43906250000003,265.2592795138889,265.0346354166668,2.0,2.0,2.0,0,428.12,134.1,-0.004474272930648726,-0.0007446016381237319
201812,428.12,133.4,125.32941176470588,97.68,124.8,148.85,503.25,13.83,-0.0,1.0,0.7341,107.0,109.4,127.5,123.0,151.32,141.5,497.5,488.625,484.5,427.0,16.11,16.52,132.88823529411764,134.65882352941176,107.56,112.7,-23.46263440860216,-17.268817204301072,1.153554508022488,663.8709677419355,0.0249327956989247,82.66680107526882,1,-18.83486111111112,-13.601478494623658,-2.9140277777777777,-13.16375,-7.689650537634408,1.7766666666666668,1.4792421218455956,1.099435860212338,1.082684068476712,211.68472222222223,3572.0305107526883,3473.363611111111,0.0125416666666666,0.0284139784946236,0.0403472222222222,61.62635706018519,323.43906250000003,265.2592795138889,0.0,2.0,2.0,0,428.12,133.5,-0.0007490636704119424,-0.0037257824143069884
201901,426.10333333333335,133.6,120.6,95.64,124.8,142.1,516.5,14.02,0.5,0.866,0.761,106.9,105.05,113.75,123.85,150.385,147.4,508.0,526.25,451.0,451.75,14.79,16.11,125.32941176470588,132.88823529411764,97.68,107.56,-30.74274193548387,-24.64543010752688,1.152776999872145,1345.1146505376344,0.0183467741935483,180.74747591845875,2,-23.46263440860216,-18.83486111111112,-13.601478494623658,-17.268817204301072,-13.16375,-7.689650537634408,1.153554508022488,1.4792421218455956,1.099435860212338,663.8709677419355,211.68472222222223,3572.0305107526883,0.0249327956989247,0.0125416666666666,0.0284139784946236,82.66680107526882,61.62635706018519,323.43906250000003,1.0,0.0,2.0,0,422.07,133.4,0.0014992503748125774,0.0029917726252806087
201902,424.0866666666666,134.5,122.54705882352944,100.12,129.95,142.88,452.5,15.24,0.866,0.5,0.7607,106.8,107.0,109.4,127.5,149.45,151.32,518.5,497.5,488.625,484.5,14.46,14.79,120.6,125.32941176470588,95.64,97.68,-29.66934523809524,-23.124404761904763,1.0916671526112596,2006.478422619048,0.0029166666666666,166.51803385416662,2,-30.74274193548387,-23.46263440860216,-18.83486111111112,-24.64543010752688,-17.268817204301072,-13.16375,1.152776999872145,1.153554508022488,1.4792421218455956,1345.1146505376344,663.8709677419355,211.68472222222223,0.0183467741935483,0.0249327956989247,0.0125416666666666,180.74747591845875,82.66680107526882,61.62635706018519,2.0,1.0,0.0,0,422.07,133.6,0.006736526946107935,-0.004474272930648726
201903,422.07,135.4,126.15882352941176,103.92,125.7,145.25,457.75,15.06,1.0,0.0,0.7492,113.45,106.9,105.05,113.75,158.18,150.385,509.0,508.0,526.25,451.0,13.83,14.46,122.54705882352944,120.6,100.12,95.64,-26.42647849462365,-19.94193548387097,1.0666668167879227,2679.259677419355,0.0253091397849462,167.5568716397849,2,-29.66934523809524,-30.74274193548387,-23.46263440860216,-23.124404761904763,-24.64543010752688,-17.268817204301072,1.0916671526112596,1.152776999872145,1.153554508022488,2006.478422619048,1345.1146505376344,663.8709677419355,0.0029166666666666,0.0183467741935483,0.0249327956989247,166.51803385416662,180.74747591845875,82.66680107526882,2.0,2.0,1.0,0,422.07,134.5,0.006691449814126393,-0.0007490636704119424
201904,422.06,136.0,129.7529411764706,104.52,123.75,141.6,418.5,15.96,0.866,-0.5,0.7432,115.85,106.8,107.0,109.4,153.48,149.45,500.5,518.5,497.5,488.625,14.02,13.83,126.15882352941176,122.54705882352944,103.92,100.12,-16.34263888888889,-10.28625,1.0602569037898002,3145.839861111111,0.0243055555555555,178.4807465277778,2,-26.42647849462365,-29.66934523809524,-30.74274193548387,-19.94193548387097,-23.124404761904763,-24.64543010752688,1.0666668167879227,1.0916671526112596,1.152776999872145,2679.259677419355,2006.478422619048,1345.1146505376344,0.0253091397849462,0.0029166666666666,0.0183467741935483,167.5568716397849,166.51803385416662,180.74747591845875,2.0,2.0,2.0,0,422.04,135.4,0.004431314623338123,0.0014992503748125774
201905,422.05,136.6,131.15882352941176,104.54,108.47,133.13,503.0,16.38,0.5,-0.866,0.7394,116.93,113.45,106.9,105.05,145.23,158.18,515.75,509.0,508.0,526.25,15.24,14.02,129.7529411764706,126.15882352941176,104.52,103.92,-3.848387096774193,0.4963709677419355,1.0363715493344714,3283.211424731183,0.0087499999999999,114.9809139784946,2,-16.34263888888889,-26.42647849462365,-29.66934523809524,-10.28625,-19.94193548387097,-23.124404761904763,1.0602569037898002,1.0666668167879227,1.0916671526112596,3145.839861111111,2679.259677419355,2006.478422619048,0.0243055555555555,0.0253091397849462,0.0029166666666666,178.4807465277778,167.5568716397849,166.51803385416662,2.0,2.0,2.0,0,422.04,136.0,0.004411764705882337,0.006736526946107935
201906,422.04,136.3,124.6,94.7,110.5,136.85,528.0,16.27,0.0,-1.0,0.7637,124.8,115.85,106.8,107.0,148.85,153.48,503.25,500.5,518.5,497.5,15.06,15.24,131.15882352941176,129.7529411764706,104.54,104.52,2.775138888888889,6.291666666666667,1.024475629893519,3285.458333333333,0.0003888888888888,78.49250000000028,2,-3.848387096774193,-16.34263888888889,-26.42647849462365,0.4963709677419355,-10.28625,-19.94193548387097,1.0363715493344714,1.0602569037898002,1.0666668167879227,3283.211424731183,3145.839861111111,2679.259677419355,0.0087499999999999,0.0243055555555555,0.0253091397849462,114.9809139784946,178.4807465277778,167.5568716397849,2.0,2.0,2.0,0,422.04,136.6,-0.002196193265007196,0.006691449814126393
201907,421.92333333333335,137.0,123.34117647058824,95.58,106.9,141.52,487.25,17.25,-0.5,-0.866,0.7606,124.8,116.93,113.45,106.9,142.1,145.23,516.5,515.75,509.0,508.0,15.96,15.06,124.6,131.15882352941176,94.7,104.54,5.159005376344086,8.290994623655914,1.0244544804414584,3285.458333333333,0.0,78.42630208333367,2,2.775138888888889,-3.848387096774193,-16.34263888888889,6.291666666666667,0.4963709677419355,-10.28625,1.024475629893519,1.0363715493344714,1.0602569037898002,3285.458333333333,3283.211424731183,3145.839861111111,0.0003888888888888,0.0087499999999999,0.0243055555555555,78.49250000000028,114.9809139784946,178.4807465277778,2.0,2.0,2.0,0,421.69,136.3,0.005135730007336692,0.004431314623338123
201908,421.8066666666667,136.8,121.78235294117648,93.62,105.0,132.4,451.25,17.61,-0.866,-0.5,0.753,129.95,124.8,115.85,106.8,142.88,148.85,452.5,503.25,500.5,518.5,16.38,15.96,123.34117647058824,124.6,95.58,94.7,4.896505376344086,8.213037634408602,1.0244544804414584,3285.458333333333,0.0,78.42630208333367,2,5.159005376344086,2.775138888888889,-3.848387096774193,8.290994623655914,6.291666666666667,0.4963709677419355,1.0244544804414584,1.024475629893519,1.0363715493344714,3285.458333333333,3285.458333333333,3283.211424731183,0.0,0.0003888888888888,0.0087499999999999,78.42630208333367,78.49250000000028,114.9809139784946,2.0,2.0,2.0,0,421.69,137.0,-0.0014598540145984717,0.004411764705882337
201909,421.69,136.2,123.03529411764706,96.74,108.34,139.175,480.0,18.86,-1.0,-0.0,0.7556,125.7,124.8,116.93,113.45,145.25,142.1,457.75,516.5,515.75,509.0,16.27,16.38,121.78235294117648,123.34117647058824,93.62,95.58,0.0611111111111111,4.184027777777778,1.024112250014867,3285.458333333333,0.0013611111111111,77.35400173611129,2,4.896505376344086,5.159005376344086,2.775138888888889,8.213037634408602,8.290994623655914,6.291666666666667,1.0244544804414584,1.0244544804414584,1.024475629893519,3285.458333333333,3285.458333333333,3285.458333333333,0.0,0.0,0.0003888888888888,78.42630208333367,78.42630208333367,78.49250000000028,2.0,2.0,2.0,0,421.69,136.8,-0.004385964912280826,-0.002196193265007196
201910,420.7,136.6,127.22941176470589,101.6,111.68,145.95,508.75,20.11,-0.866,0.5,0.7596,123.75,129.95,124.8,115.85,141.6,142.88,418.5,452.5,503.25,500.5,17.25,16.27,123.03529411764706,121.78235294117648,96.74,93.62,-4.49744623655914,0.2153225806451612,1.0137983830429247,3293.203225806452,0.022768817204301,44.61177755376357,2,0.0611111111111111,4.896505376344086,5.159005376344086,4.184027777777778,8.213037634408602,8.290994623655914,1.024112250014867,1.0244544804414584,1.0244544804414584,3285.458333333333,3285.458333333333,3285.458333333333,0.0013611111111111,0.0,0.0,77.35400173611129,78.42630208333367,78.42630208333367,2.0,2.0,2.0,0,418.72,136.2,0.002936857562408246,0.005135730007336692
201911,419.71,136.4,129.85294117647058,105.02,121.2,142.27,547.5,20.36,-0.5,0.866,0.7535,108.47,125.7,124.8,116.93,133.13,145.25,503.0,457.75,516.5,515.75,17.61,17.25,127.22941176470589,123.03529411764706,101.6,96.74,-14.095416666666669,-8.193333333333333,0.8951116735216257,138.01652777777778,0.0321805555555555,-12.041837384259267,0,-4.49744623655914,0.0611111111111111,4.896505376344086,0.2153225806451612,4.184027777777778,8.213037634408602,1.0137983830429247,1.024112250014867,1.0244544804414584,3293.203225806452,3285.458333333333,3285.458333333333,0.022768817204301,0.0013611111111111,0.0,44.61177755376357,77.35400173611129,78.42630208333367,2.0,2.0,2.0,0,418.72,136.6,-0.0014641288433381305,-0.0014598540145984717
201912,418.72,136.4,130.4294117647059,105.64,121.29,139.17000000000002,550.625,18.7,-0.0,1.0,0.7657,110.5,123.75,129.95,124.8,136.85,141.6,528.0,418.5,452.5,503.25,18.86,17.61,129.85294117647058,127.22941176470589,105.02,101.6,-22.244489247311822,-15.981182795698926,0.8585059690917533,499.85483870967744,0.0122311827956989,-81.34932795698924,1,-14.095416666666669,-4.49744623655914,0.0611111111111111,-8.193333333333333,0.2153225806451612,4.184027777777778,0.8951116735216257,1.0137983830429247,1.024112250014867,138.01652777777778,3293.203225806452,3285.458333333333,0.0321805555555555,0.022768817204301,0.0013611111111111,-12.041837384259267,44.61177755376357,77.35400173611129,0.0,2.0,2.0,0,418.72,136.4,0.0,-0.004385964912280826
202001,418.03,136.8,129.91176470588235,100.0,121.38,136.07,553.75,17.04,0.5,0.866,0.7569,106.9,108.47,125.7,124.8,141.52,133.13,487.25,503.0,457.75,516.5,20.11,18.86,130.4294117647059,129.85294117647058,105.64,105.02,-32.55403225806452,-26.046370967741936,0.9720342312659892,1143.1219086021506,0.013266129032258,-21.24526601702509,2,-22.244489247311822,-14.095416666666669,-4.49744623655914,-15.981182795698926,-8.193333333333333,0.2153225806451612,0.8585059690917533,0.8951116735216257,1.0137983830429247,499.85483870967744,138.01652777777778,3293.203225806452,0.0122311827956989,0.0321805555555555,0.022768817204301,-81.34932795698924,-12.041837384259267,44.61177755376357,1.0,0.0,2.0,0,416.65,136.4,0.0029325513196480912,0.002936857562408246
202002,417.34,137.4,123.19411764705885,88.56,112.7,131.27,529.0,16.98,0.866,0.5,0.7486,105.0,110.5,123.75,129.95,132.4,136.85,451.25,528.0,418.5,452.5,20.36,20.11,129.91176470588235,130.4294117647059,100.0,105.64,-34.849137931034484,-28.63850574712644,1.0503815013200537,1952.730316091954,0.0032183908045977,96.95473239942528,2,-32.55403225806452,-22.244489247311822,-14.095416666666669,-26.046370967741936,-15.981182795698926,-8.193333333333333,0.9720342312659892,0.8585059690917533,0.8951116735216257,1143.1219086021506,499.85483870967744,138.01652777777778,0.013266129032258,0.0122311827956989,0.0321805555555555,-21.24526601702509,-81.34932795698924,-12.041837384259267,2.0,1.0,0.0,0,416.65,136.8,0.004385964912280604,-0.0014641288433381305
202003,416.65,136.6,110.34117647058824,71.71000000000001,101.35,125.225,529.375,14.175,1.0,0.0,0.7053,108.34,106.9,108.47,125.7,139.175,141.52,480.0,487.25,503.0,457.75,18.7,20.36,123.19411764705885,129.91176470588235,88.56,100.0,-25.8228494623656,-19.04005376344086,1.0767935618319493,2703.703629032258,0.0297311827956989,192.0008232526881,2,-34.849137931034484,-32.55403225806452,-22.244489247311822,-28.63850574712644,-26.046370967741936,-15.981182795698926,1.0503815013200537,0.9720342312659892,0.8585059690917533,1952.730316091954,1143.1219086021506,499.85483870967744,0.0032183908045977,0.013266129032258,0.0122311827956989,96.95473239942528,-21.24526601702509,-81.34932795698924,2.0,2.0,1.0,1,416.65,137.4,-0.005822416302765698,0.0
202004,422.75666666666666,135.7,98.0764705882353,50.29,90.0,119.18,529.75,11.37,0.866,-0.5,0.7208,111.68,105.0,110.5,123.75,145.95,132.4,508.75,451.25,528.0,418.5,17.04,18.7,110.34117647058824,123.19411764705885,71.71000000000001,88.56,-16.019166666666667,-10.51375,1.0678844276909656,3168.4205555555554,0.0223611111111111,201.0614409722222,2,-25.8228494623656,-34.849137931034484,-32.55403225806452,-19.04005376344086,-28.63850574712644,-26.046370967741936,1.0767935618319493,1.0503815013200537,0.9720342312659892,2703.703629032258,1952.730316091954,1143.1219086021506,0.0297311827956989,0.0032183908045977,0.013266129032258,192.0008232526881,96.95473239942528,-21.24526601702509,2.0,2.0,2.0,1,434.97,136.6,-0.0065885797950220315,0.0029325513196480912
202005,428.8633333333333,136.1,91.24117647058824,47.68,99.72,135.35,520.75,12.18,0.5,-0.866,0.7273,121.2,108.34,106.9,108.47,142.27,139.175,547.5,480.0,487.25,503.0,16.98,17.04,98.0764705882353,110.34117647058824,50.29,71.71000000000001,-8.118682795698925,-2.670161290322581,1.0548654537298925,3341.9715053763443,0.0254973118279569,173.74099462365595,2,-16.019166666666667,-25.8228494623656,-34.849137931034484,-10.51375,-19.04005376344086,-28.63850574712644,1.0678844276909656,1.0767935618319493,1.0503815013200537,3168.4205555555554,2703.703629032258,1952.730316091954,0.0223611111111111,0.0297311827956989,0.0032183908045977,201.0614409722222,192.0008232526881,96.95473239942528,2.0,2.0,2.0,1,434.97,135.7,0.0029476787030213725,0.004385964912280604
202006,434.97,137.2,96.16470588235292,60.52,91.65,132.85,490.0,20.97,0.0,-1.0,0.7322,121.29,111.68,105.0,110.5,139.17000000000002,145.95,550.625,508.75,451.25,528.0,14.175,16.98,91.24117647058824,98.0764705882353,47.68,50.29,-0.5545833333333333,3.145694444444445,1.0515900424609412,3372.413333333333,0.0206111111111111,165.44750000000013,2,-8.118682795698925,-16.019166666666667,-25.8228494623656,-2.670161290322581,-10.51375,-19.04005376344086,1.0548654537298925,1.0678844276909656,1.0767935618319493,3341.9715053763443,3168.4205555555554,2703.703629032258,0.0254973118279569,0.0223611111111111,0.0297311827956989,173.74099462365595,201.0614409722222,192.0008232526881,2.0,2.0,2.0,1,434.97,136.1,0.008082292432035176,-0.005822416302765698
202007,431.65333333333336,137.2,100.8,67.02000000000001,102.82,144.68,531.25,24.55,-0.5,-0.866,0.7456,121.38,121.2,108.34,106.9,136.07,142.27,553.75,547.5,480.0,487.25,11.37,14.175,96.16470588235292,91.24117647058824,60.52,47.68,8.344354838709679,10.55967741935484,1.0515758705052691,3372.4375,0.0,165.40546875000018,2,-0.5545833333333333,-8.118682795698925,-16.019166666666667,3.145694444444445,-2.670161290322581,-10.51375,1.0515900424609412,1.0548654537298925,1.0678844276909656,3372.413333333333,3341.9715053763443,3168.4205555555554,0.0206111111111111,0.0254973118279569,0.0223611111111111,165.44750000000013,173.74099462365595,201.0614409722222,2.0,2.0,2.0,1,425.02,137.2,0.0,-0.0065885797950220315
202008,428.3366666666666,137.0,101.0470588235294,66.42,104.5,140.3,544.25,19.77,-0.866,-0.5,0.7645,112.7,121.29,111.68,105.0,131.27,139.17000000000002,529.0,550.625,508.75,451.25,12.18,11.37,100.8,96.16470588235292,67.02000000000001,60.52,6.746908602150538,9.503360215053764,1.0515758705052691,3372.4375,0.0,165.40546875000018,2,8.344354838709679,-0.5545833333333333,-8.118682795698925,10.55967741935484,3.145694444444445,-2.670161290322581,1.0515758705052691,1.0515900424609412,1.0548654537298925,3372.4375,3372.413333333333,3341.9715053763443,0.0,0.0206111111111111,0.0254973118279569,165.40546875000018,165.44750000000013,173.74099462365595,2.0,2.0,2.0,1,425.02,137.2,-0.001457725947521804,0.0029476787030213725
202009,425.02,136.9,99.2,62.31,108.55,141.35,578.0,19.53,-1.0,-0.0,0.7472,101.35,121.38,121.2,108.34,125.225,136.07,529.375,553.75,547.5,480.0,20.97,12.18,101.0470588235294,100.8,66.42,67.02000000000001,-2.181388888888889,2.341944444444444,1.0517795248485902,3374.219583333333,0.0401527777777777,166.1152517361111,2,6.746908602150538,8.344354838709679,-0.5545833333333333,9.503360215053764,10.55967741935484,3.145694444444445,1.0515758705052691,1.0515758705052691,1.0515900424609412,3372.4375,3372.4375,3372.413333333333,0.0,0.0,0.0206111111111111,165.40546875000018,165.40546875000018,165.44750000000013,2.0,2.0,2.0,1,425.02,137.0,-0.0007299270072992359,0.008082292432035176
202010,423.4066666666666,137.5,100.88823529411764,64.26,105.97,137.4,598.5,21.59,-0.866,0.5,0.751,90.0,112.7,121.29,111.68,119.18,131.27,529.75,529.0,550.625,508.75,24.55,20.97,99.2,101.0470588235294,62.31,66.42,-8.722715053763443,-3.530376344086022,1.0527483332643863,3419.9208333333336,0.0709408602150537,171.32938508064515,2,-2.181388888888889,6.746908602150538,8.344354838709679,2.341944444444444,9.503360215053764,10.55967741935484,1.0517795248485902,1.0515758705052691,1.0515758705052691,3374.219583333333,3372.4375,3372.4375,0.0401527777777777,0.0,0.0,166.1152517361111,165.40546875000018,165.40546875000018,2.0,2.0,2.0,1,420.18,136.9,0.0043827611395179655,0.0
202011,421.79333333333335,137.7,103.67647058823528,69.53,109.46,138.175,619.5,18.695,-0.5,0.866,0.7703,99.72,101.35,121.38,121.2,135.35,125.225,520.75,529.375,553.75,547.5,19.77,24.55,100.88823529411764,99.2,64.26,62.31,-18.83083333333333,-12.300416666666669,1.2871104319465645,179.66541666666666,0.0293611111111111,29.607051504629627,0,-8.722715053763443,-2.181388888888889,6.746908602150538,-3.530376344086022,2.341944444444444,9.503360215053764,1.0527483332643863,1.0517795248485902,1.0515758705052691,3419.9208333333336,3374.219583333333,3372.4375,0.0709408602150537,0.0401527777777777,0.0,171.32938508064515,166.1152517361111,165.40546875000018,2.0,2.0,2.0,1,420.18,137.5,0.001454545454545375,-0.001457725947521804
202012,420.18,137.4,108.38235294117646,76.92,112.95,138.95,640.5,15.8,-0.0,1.0,0.7843,91.65,90.0,112.7,121.29,132.85,119.18,490.0,529.75,529.0,550.625,19.53,19.77,103.67647058823528,100.88823529411764,69.53,64.26,-20.74744623655914,-13.988440860215054,0.9875303352618968,566.2477150537634,0.0363172043010752,-14.956451612903216,1,-18.83083333333333,-8.722715053763443,-2.181388888888889,-12.300416666666669,-3.530376344086022,2.341944444444444,1.2871104319465645,1.0527483332643863,1.0517795248485902,179.66541666666666,3419.9208333333336,3374.219583333333,0.0293611111111111,0.0709408602150537,0.0401527777777777,29.607051504629627,171.32938508064515,166.1152517361111,0.0,2.0,2.0,1,420.18,137.7,-0.002178649237472685,-0.0007299270072992359
202101,420.1166666666667,138.2,112.83529411764708,81.42,115.05,137.73,663.0,16.12,0.5,0.866,0.7827,102.82,99.72,101.35,121.38,144.68,135.35,531.25,520.75,529.375,553.75,21.59,19.53,108.38235294117646,103.67647058823528,76.92,69.53,-23.56747311827957,-17.43561827956989,0.9535783431491112,1106.7497311827958,0.0264381720430107,-57.61744343637992,2,-20.74744623655914,-18.83083333333333,-8.722715053763443,-13.988440860215054,-12.300416666666669,-3.530376344086022,0.9875303352618968,1.2871104319465645,1.0527483332643863,566.2477150537634,179.66541666666666,3419.9208333333336,0.0363172043010752,0.0293611111111111,0.0709408602150537,-14.956451612903216,29.607051504629627,171.32938508064515,1.0,0.0,2.0,1,419.99,137.4,0.005822416302765587,0.0043827611395179655
202102,420.0533333333333,138.9,117.80588235294118,89.4,113.1,138.68,655.0,15.63,0.866,0.5,0.785,104.5,91.65,90.0,112.7,140.3,132.85,544.25,490.0,529.75,529.0,18.695,21.59,112.83529411764708,108.38235294117646,81.42,76.92,-24.93645833333333,-18.795386904761905,0.8676624000890429,1593.168005952381,0.01625,-246.7923828125,2,-23.56747311827957,-20.74744623655914,-18.83083333333333,-17.43561827956989,-13.988440860215054,-12.300416666666669,0.9535783431491112,0.9875303352618968,1.2871104319465645,1106.7497311827958,566.2477150537634,179.66541666666666,0.0264381720430107,0.0363172043010752,0.0293611111111111,-57.61744343637992,-14.956451612903216,29.607051504629627,2.0,1.0,0.0,1,419.99,138.2,0.005065123010130401,0.001454545454545375
202103,419.99,139.6,124.12352941176472,92.09,120.97,143.88,618.0,17.6,1.0,0.0,0.7923,108.55,102.82,99.72,101.35,141.35,144.68,578.0,531.25,520.75,529.375,15.8,18.695,117.80588235294118,112.83529411764708,89.4,81.42,-27.55295698924731,-21.21491935483871,0.8712867125289835,2191.887231182796,0.0116666666666666,-319.8155745967742,2,-24.93645833333333,-23.56747311827957,-20.74744623655914,-18.795386904761905,-17.43561827956989,-13.988440860215054,0.8676624000890429,0.9535783431491112,0.9875303352618968,1593.168005952381,1106.7497311827958,566.2477150537634,0.01625,0.0264381720430107,0.0363172043010752,-246.7923828125,-57.61744343637992,-14.956451612903216,2.0,2.0,1.0,1,419.99,138.9,0.005039596832253412,-0.002178649237472685
202104,420.01,140.3,125.25882352941176,90.66,116.0,133.6,742.5,17.64,0.866,-0.5,0.8146,105.97,104.5,91.65,90.0,137.4,140.3,598.5,544.25,490.0,529.75,16.12,15.8,124.12352941176472,117.80588235294118,92.09,89.4,-12.674305555555556,-7.019027777777778,0.9027008648462124,2677.6541666666667,0.0340277777777777,-289.7049479166666,2,-27.55295698924731,-24.93645833333333,-23.56747311827957,-21.21491935483871,-18.795386904761905,-17.43561827956989,0.8712867125289835,0.8676624000890429,0.9535783431491112,2191.887231182796,1593.168005952381,1106.7497311827958,0.0116666666666666,0.01625,0.0264381720430107,-319.8155745967742,-246.7923828125,-57.61744343637992,2.0,2.0,2.0,1,420.05,139.6,0.005014326647564626,0.005822416302765587
202105,420.03,141.0,127.97058823529412,95.7,115.88,151.35,663.5,18.97,0.5,-0.866,0.828,109.46,108.55,102.82,99.72,138.175,141.35,619.5,578.0,531.25,520.75,15.63,16.12,125.25882352941176,124.12352941176472,90.66,92.09,-6.880376344086021,-1.846774193548387,0.8730666114120901,2766.0485215053764,0.0201344086021505,-402.1819892473118,2,-12.674305555555556,-27.55295698924731,-24.93645833333333,-7.019027777777778,-21.21491935483871,-18.795386904761905,0.9027008648462124,0.8712867125289835,0.8676624000890429,2677.6541666666667,2191.887231182796,1593.168005952381,0.0340277777777777,0.0116666666666666,0.01625,-289.7049479166666,-319.8155745967742,-246.7923828125,2.0,2.0,2.0,1,420.05,140.3,0.0049893086243761875,0.005065123010130401
202106,420.05,141.4,130.39411764705883,97.64,122.5,154.63,671.5,16.91,0.0,-1.0,0.8067,112.95,105.97,104.5,91.65,138.95,137.4,640.5,598.5,544.25,490.0,17.6,15.63,127.97058823529412,125.25882352941176,95.7,90.66,-1.781111111111111,2.6620833333333334,0.8757300639204623,2808.436388888889,0.0473472222222222,-398.5294444444445,2,-6.880376344086021,-12.674305555555556,-27.55295698924731,-1.846774193548387,-7.019027777777778,-21.21491935483871,0.8730666114120901,0.9027008648462124,0.8712867125289835,2766.0485215053764,2677.6541666666667,2191.887231182796,0.0201344086021505,0.0340277777777777,0.0116666666666666,-402.1819892473118,-289.7049479166666,-319.8155745967742,2.0,2.0,2.0,1,420.05,141.0,0.0028368794326241176,0.005039596832253412
202107,421.6433333333333,142.3,132.61764705882354,101.59,122.07,158.18,703.75,16.48,-0.5,-0.866,0.8042,115.05,109.46,108.55,102.82,137.73,138.175,663.0,619.5,578.0,531.25,17.64,17.6,130.39411764705883,127.97058823529412,97.64,95.7,6.111693548387097,8.940456989247313,0.875716230032587,2808.45,0.0,-398.58203125,2,-1.781111111111111,-6.880376344086021,-12.674305555555556,2.6620833333333334,-1.846774193548387,-7.019027777777778,0.8757300639204623,0.8730666114120901,0.9027008648462124,2808.436388888889,2766.0485215053764,2677.6541666666667,0.0473472222222222,0.0201344086021505,0.0340277777777777,-398.5294444444445,-402.1819892473118,-289.7049479166666,2.0,2.0,2.0,1,424.83,141.4,0.006364922206506307,0.005014326647564626
202108,423.2366666666667,142.6,133.1058823529412,100.54,121.32,156.055,714.625,17.295,-0.866,-0.5,0.7931,113.1,112.95,105.97,104.5,138.68,138.95,655.0,640.5,598.5,544.25,18.97,17.64,132.61764705882354,130.39411764705883,101.59,97.64,3.686290322580645,7.206720430107527,0.875716230032587,2808.45,0.0001881720430107,-398.58203125,2,6.111693548387097,-1.781111111111111,-6.880376344086021,8.940456989247313,2.6620833333333334,-1.846774193548387,0.875716230032587,0.8757300639204623,0.8730666114120901,2808.45,2808.436388888889,2766.0485215053764,0.0,0.0473472222222222,0.0201344086021505,-398.58203125,-398.5294444444445,-402.1819892473118,2.0,2.0,2.0,1,424.83,142.3,0.0021082220660575413,0.0049893086243761875
202109,424.83,142.9,135.16470588235296,105.26,120.57,153.93,725.5,18.11,-1.0,-0.0,0.7841,120.97,115.05,109.46,108.55,143.88,137.73,618.0,663.0,619.5,578.0,16.91,18.97,133.1058823529412,132.61764705882354,100.54,101.59,-1.6493055555555558,2.6590277777777778,0.8755142042984273,2808.740555555555,0.0200277777777777,-399.3637760416668,2,3.686290322580645,6.111693548387097,-1.781111111111111,7.206720430107527,8.940456989247313,2.6620833333333334,0.875716230032587,0.875716230032587,0.8757300639204623,2808.45,2808.45,2808.436388888889,0.0001881720430107,0.0,0.0473472222222222,-398.58203125,-398.58203125,-398.5294444444445,2.0,2.0,2.0,1,424.83,142.6,0.0021037868162694373,0.0028368794326241176
202110,427.89666666666665,143.9,145.83529411764704,116.36,127.38,156.57,772.75,17.85,-0.866,0.5,0.8074,116.0,113.1,112.95,105.97,133.6,138.68,742.5,655.0,640.5,598.5,16.48,16.91,135.16470588235296,133.1058823529412,105.26,100.54,-3.678225806451613,0.8768817204301077,0.8664857480593645,2814.6629032258065,0.0026344086021505,-433.92854502688175,2,-1.6493055555555558,3.686290322580645,6.111693548387097,2.6590277777777778,7.206720430107527,8.940456989247313,0.8755142042984273,0.875716230032587,0.875716230032587,2808.740555555555,2808.45,2808.45,0.0200277777777777,0.0001881720430107,0.0,-399.3637760416668,-398.58203125,-398.58203125,2.0,2.0,2.0,1,434.03,142.9,0.0069979006298110935,0.006364922206506307
202111,430.9633333333333,144.2,147.7058823529412,116.59,135.88,164.85,773.75,18.04,-0.5,0.866,0.7851,115.88,120.97,115.05,109.46,151.35,143.88,663.5,618.0,663.0,619.5,17.295,16.48,145.83529411764704,135.16470588235296,116.36,105.26,-14.796666666666663,-9.04902777777778,0.902605450972951,141.8476388888889,0.0177916666666666,-8.210726273148149,0,-3.678225806451613,-1.6493055555555558,3.686290322580645,0.8768817204301077,2.6590277777777778,7.206720430107527,0.8664857480593645,0.8755142042984273,0.875716230032587,2814.6629032258065,2808.740555555555,2808.45,0.0026344086021505,0.0200277777777777,0.0001881720430107,-433.92854502688175,-399.3637760416668,-398.58203125,2.0,2.0,2.0,1,434.03,143.9,0.0020847810979844894,0.0021082220660575413
202112,434.03,144.0,145.38823529411764,110.62,138.9,166.88,770.75,18.42,-0.0,1.0,0.7847,122.5,116.0,113.1,112.95,154.63,133.6,671.5,742.5,655.0,640.5,18.11,17.295,147.7058823529412,145.83529411764704,116.59,116.36,-22.49758064516129,-16.025806451612905,0.9150143783042434,535.2756720430108,0.0381989247311827,-45.92849462365591,1,-14.796666666666663,-3.678225806451613,-1.6493055555555558,-9.04902777777778,0.8768817204301077,2.6590277777777778,0.902605450972951,0.8664857480593645,0.8755142042984273,141.8476388888889,2814.6629032258065,2808.740555555555,0.0177916666666666,0.0026344086021505,0.0200277777777777,-8.210726273148149,-433.92854502688175,-399.3637760416668,0.0,2.0,2.0,1,434.03,144.2,-0.001386962552010984,0.0021037868162694373
202201,434.03,145.3,152.48823529411766,124.82,139.57,163.02,761.25,20.37,0.5,0.866,0.7838,122.07,115.88,120.97,115.05,158.18,151.35,703.75,663.5,618.0,663.0,17.85,18.11,145.38823529411764,147.7058823529412,110.62,116.59,-32.90779569892473,-26.199596774193548,0.9921320722651996,1165.578360215054,0.0214516129032258,1.2111855958781366,2,-22.49758064516129,-14.796666666666663,-3.678225806451613,-16.025806451612905,-9.04902777777778,0.8768817204301077,0.9150143783042434,0.902605450972951,0.8664857480593645,535.2756720430108,141.8476388888889,2814.6629032258065,0.0381989247311827,0.0177916666666666,0.0026344086021505,-45.92849462365591,-8.210726273148149,-433.92854502688175,1.0,0.0,2.0,1,451.36,144.0,0.009027777777777857,0.0069979006298110935
